"id","locale","ZoneName","VerifiedBuild"
1,"ruRU","Дун Морог",-1
2,"ruRU","Бескрайний берег",-1
3,"ruRU","Бесплодные земли",-1
4,"ruRU","Выжженные земли",-1
7,"ruRU","Бухта Черноводья",-1
8,"ruRU","Болото Печали",-1
9,"ruRU","Долина Североземья",-1
10,"ruRU","Сумеречный лес",-1
11,"ruRU","Болотина",-1
12,"ruRU","Элвиннский лес",-1
13,"ruRU","Древо Жизни",-1
14,"ruRU","Дуротар",-1
15,"ruRU","Пылевые топи",-1
16,"ruRU","Азшара",-1
17,"ruRU","Степи",-1
18,"ruRU","Озеро Хрустальное",-1
19,"ruRU","Зул'Гуруб",-1
20,"ruRU","Луноречье",-1
21,"ruRU","Кул-Тирас",-1
22,"ruRU","Остров Программиста",-1
23,"ruRU","Река Североземья",-1
24,"ruRU","Аббатство Североземья",-1
25,"ruRU","Черная гора",-1
26,"ruRU","Маяк",-1
28,"ruRU","Западные Чумные земли",-1
30,"ruRU","Девять",-1
32,"ruRU","Кладбище",-1
33,"ruRU","Тернистая долина",-1
34,"ruRU","Рудник Горного Эха",-1
35,"ruRU","Пиратская Бухта",-1
36,"ruRU","Альтеракские горы",-1
37,"ruRU","Озеро Назферити",-1
38,"ruRU","Лок Модан",-1
40,"ruRU","Западный Край",-1
41,"ruRU","Перевал Мертвого Ветра",-1
42,"ruRU","Темнолесье",-1
43,"ruRU","Пустынный берег",-1
44,"ruRU","Красногорье",-1
45,"ruRU","Нагорье Арати",-1
46,"ruRU","Пылающие степи",-1
47,"ruRU","Внутренние земли",-1
49,"ruRU","Нора Мертвеца",-1
51,"ruRU","Тлеющее ущелье",-1
53,"ruRU","Воровской лагерь",-1
54,"ruRU","Яшмовая шахта",-1
55,"ruRU","Аллея Героев НЕ ИСПОЛЬЗУЕТСЯ",-1
56,"ruRU","Часовые Вечности",-1
57,"ruRU","Рудник Подземных Глубин",-1
59,"ruRU","Виноградники Североземья",-1
60,"ruRU","Лесная опушка",-1
61,"ruRU","Ревущий водопад",-1
62,"ruRU","Тыквенное поле Бреквеллов",-1
63,"ruRU","Ферма Стоунфилдов",-1
64,"ruRU","Виноградники Маклура",-1
65,"ruRU","Драконий Погост",-1
66,"ruRU","Зул'Драк",-1
67,"ruRU","Грозовая Гряда",-1
68,"ruRU","Озеро Безмолвия",-1
69,"ruRU","Приозерье",-1
70,"ruRU","Крепость Каменной Стражи",-1
71,"ruRU","Водопад Каменной Стражи",-1
72,"ruRU","Темный портал",-1
73,"ruRU","Гниющий шрам",-1
74,"ruRU","Озеро Слез",-1
75,"ruRU","Каменор",-1
76,"ruRU","Болотное пристанище",-1
77,"ruRU","Старая Наковальня",-1
80,"ruRU","Горы Штормграда",-1
81,"ruRU","Джефф СВ Измененный квадрант",-1
82,"ruRU","Джефф СЗ Квадрант",-1
83,"ruRU","Джефф ЮВ Квадрант",-1
84,"ruRU","Джефф ЮЗ Квадрант",-1
85,"ruRU","Тирисфальские леса",-1
86,"ruRU","Озеро Каменных Столбов",-1
87,"ruRU","Златоземье",-1
88,"ruRU","Лесопилка Восточной долины",-1
89,"ruRU","Сад у Зеркального озера",-1
91,"ruRU","Башня Азоры",-1
92,"ruRU","Зеркальное озеро",-1
93,"ruRU","Лощина Вул'Гол",-1
94,"ruRU","Вороний Холм",-1
95,"ruRU","Каньоны Красногорья",-1
96,"ruRU","Башня Илгалара",-1
97,"ruRU","Лесопилка Альтера",-1
98,"ruRU","Пещеры Ретбана",-1
99,"ruRU","Лагерь Повстанцев",-1
100,"ruRU","Экспедиция Эрнестуэя",-1
101,"ruRU","Лагерь Курцена",-1
102,"ruRU","Руины Зул'Кунды",-1
103,"ruRU","Руины Зул'Мамве",-1
104,"ruRU","Коварный риф",-1
105,"ruRU","Холм Мош'Огг",-1
106,"ruRU","Схрон",-1
107,"ruRU","Ферма Сальдена",-1
108,"ruRU","Сторожевой холм",-1
109,"ruRU","Тыквенная ферма Хмуроброва",-1
111,"ruRU","Рудник Янго",-1
113,"ruRU","Прииск на Золотом Берегу",-1
115,"ruRU","Маяк в Западном Крае",-1
116,"ruRU","Туманная долина",-1
117,"ruRU","Лагерь Гром'гол",-1
118,"ruRU","Раскопки Вельгара",-1
120,"ruRU","Гарнизон у Западного ручья",-1
121,"ruRU","Безмятежное кладбище",-1
122,"ruRU","Руины Зуулдая",-1
123,"ruRU","Руины Бал'лал",-1
125,"ruRU","Руины Кал'аи",-1
126,"ruRU","Руины Ткаши",-1
127,"ruRU","Руины Балиа'ма",-1
128,"ruRU","Руины Зиата'джаи",-1
129,"ruRU","Руины Мизжа",-1
130,"ruRU","Серебряный бор",-1
131,"ruRU","Каранос",-1
132,"ruRU","Холодная долина",-1
133,"ruRU","Гномреган",-1
134,"ruRU","Карьер Гол'Болар",-1
135,"ruRU","Форт Мерзлогривов",-1
136,"ruRU","Серая берлога",-1
137,"ruRU","Поселок Пивоваров",-1
138,"ruRU","Сторожка у заснеженной сосны",-1
139,"ruRU","Восточные Чумные земли",-1
141,"ruRU","Тельдрассил",-1
142,"ruRU","Раскопки Сталекрута",-1
143,"ruRU","Оплот Мо'грош",-1
144,"ruRU","Телcамар",-1
145,"ruRU","Врата Альгаза",-1
146,"ruRU","Каменная Плотина",-1
147,"ruRU","Приют Странников",-1
148,"ruRU","Темные берега",-1
149,"ruRU","Рудник у Серебряного ручейка",-1
150,"ruRU","Гавань Менетилов",-1
151,"ruRU","Остров Дизайнера",-1
152,"ruRU","Бастион",-1
153,"ruRU","Руины Лордерона",-1
154,"ruRU","Могильник",-1
155,"ruRU","Паучья низина",-1
156,"ruRU","Усадьба Соллиден",-1
157,"ruRU","Мельницы Агамондов",-1
158,"ruRU","Семейная усыпальница Агамондов",-1
159,"ruRU","Брилл",-1
160,"ruRU","Шепчущие сады",-1
161,"ruRU","Терраса Покоя",-1
162,"ruRU","Озеро Ясноводное",-1
163,"ruRU","Приют Гюнтера",-1
164,"ruRU","Ферма Гаррена",-1
165,"ruRU","Усадьба Балнира",-1
166,"ruRU","Поместье ""Остывший Очаг""",-1
167,"ruRU","Застава Алого Ордена",-1
168,"ruRU","Северное побережье",-1
169,"ruRU","Шепчущий берег",-1
170,"ruRU","Озеро Лордамер",-1
172,"ruRU","Остров Фенриса",-1
173,"ruRU","Могила Фаола",-1
186,"ruRU","Доланаар",-1
187,"ruRU","Дарнас НЕ ИСПОЛЬЗУЕТСЯ",-1
188,"ruRU","Тенистая долина",-1
189,"ruRU","Поселок Сталежара",-1
190,"ruRU","Дольный Очаг",-1
192,"ruRU","Лесопилка Северного Кряжа",-1
193,"ruRU","Руины Андорала",-1
195,"ruRU","Школа некромантии",-1
196,"ruRU","Гробница Утера",-1
197,"ruRU","Холм Печали",-1
198,"ruRU","Грот Слез",-1
199,"ruRU","Поле Джанис",-1
200,"ruRU","Слезы Далсона",-1
201,"ruRU","Пустошь Гаррона",-1
202,"ruRU","Удел Страданий",-1
203,"ruRU","Крепость Марденхольд",-1
204,"ruRU","Деревня Погребальных Костров",-1
205,"ruRU","Дун Модр",-1
206,"ruRU","Крепость Утгард",-1
207,"ruRU","Великое море",-1
208,"ruRU","Не используется Потайная бухта",-1
209,"ruRU","Крепость Темного Клыка",-1
210,"ruRU","Ледяная Корона",-1
211,"ruRU","Заледеневшее озеро",-1
212,"ruRU","Озеро Хельмово Ложе",-1
213,"ruRU","Серебряный рудник",-1
214,"ruRU","Великое море",-1
215,"ruRU","Мулгор",-1
219,"ruRU","Поместье Алекстона",-1
220,"ruRU","Плато Красного Облака",-1
221,"ruRU","Лагерь Нараче",-1
222,"ruRU","Деревня Кровавого Копыта",-1
223,"ruRU","Озеро Каменного Быка",-1
224,"ruRU","Разграбленный караван",-1
225,"ruRU","Красные скалы",-1
226,"ruRU","Струящаяся Тьма",-1
227,"ruRU","Поле Валгана",-1
228,"ruRU","Гробница",-1
229,"ruRU","Удел Ольсена",-1
230,"ruRU","Стена Седогрива",-1
231,"ruRU","Погибель Берена",-1
232,"ruRU","Рассветные острова",-1
233,"ruRU","Янтарная мельница",-1
235,"ruRU","Крепость Фенриса",-1
236,"ruRU","Крепость Темного Клыка",-1
237,"ruRU","Старая переправа",-1
238,"ruRU","Сад Мальдена",-1
239,"ruRU","Делянка Ивара",-1
240,"ruRU","Мертвое поле",-1
241,"ruRU","Гниющий сад",-1
242,"ruRU","Светлая роща",-1
243,"ruRU","Покинутая усадьба",-1
244,"ruRU","Имение Уиппл",-1
245,"ruRU","Усадьба Йоргена",-1
246,"ruRU","Котлован",-1
247,"ruRU","Карьер Грязнули",-1
249,"ruRU","Скала Молота Ужаса",-1
250,"ruRU","Руины Тауриссана",-1
251,"ruRU","Пламенеющий Стяг",-1
252,"ruRU","Крепость Черной горы",-1
253,"ruRU","Башня Пепла",-1
254,"ruRU","Черная гора",-1
255,"ruRU","Алтарь Бурь",-1
256,"ruRU","Альдрассил",-1
257,"ruRU","Паучье логово",-1
258,"ruRU","Пещера Бесов",-1
259,"ruRU","Озеро Аль'Амет",-1
260,"ruRU","Деревня Звездного Ветра",-1
261,"ruRU","Лагерь у Кривой Сосны",-1
262,"ruRU","Обитель Бен'этиль",-1
263,"ruRU","Расселина",-1
264,"ruRU","Поляна Оракула",-1
265,"ruRU","Родниковая река",-1
266,"ruRU","Родниковое озеро",-1
267,"ruRU","Предгорья Хилсбрада",-1
268,"ruRU","Кратер Азшары",-1
269,"ruRU","Дун Альгаз",-1
271,"ruRU","Южнобережье",-1
272,"ruRU","Мельница Таррен",-1
275,"ruRU","Крепость Дарнхольд",-1
276,"ruRU","НЕ ИСПОЛЬЗУЕТСЯ Подгорная тропа",-1
277,"ruRU","Пещеры предгорий",-1
278,"ruRU","Лордамерские выселки",-1
279,"ruRU","Даларанский кратер",-1
280,"ruRU","Странбрад",-1
281,"ruRU","Руины Альтерака",-1
282,"ruRU","Логово Раздробленного Хребта",-1
283,"ruRU","Кровавая низина",-1
284,"ruRU","Высокогорье",-1
285,"ruRU","Южная башня",-1
286,"ruRU","Хилсбрадские поля",-1
287,"ruRU","Хилсбрад",-1
288,"ruRU","Лазуритовый рудник",-1
289,"ruRU","Владение Нетандера",-1
290,"ruRU","Дун Гарок",-1
293,"ruRU","Стена Торадина",-1
294,"ruRU","Восточное побережье",-1
295,"ruRU","Западное побережье",-1
296,"ruRU","Южные моря НЕ ИСПОЛЬЗУЕТСЯ",-1
297,"ruRU","Остров Жагуаро",-1
298,"ruRU","Бухта Барадин",-1
299,"ruRU","Бухта Менетилов",-1
300,"ruRU","Тростниковый берег",-1
301,"ruRU","Гибельный берег",-1
302,"ruRU","Хрустальное взморье",-1
303,"ruRU","Ракушечный пляж",-1
305,"ruRU","Берег Северного прилива",-1
306,"ruRU","Берег Южного прилива",-1
307,"ruRU","Отвесные скалы",-1
308,"ruRU","Зловещее море",-1
309,"ruRU","Гробница Железноборода",-1
310,"ruRU","Хрустальная шахта",-1
311,"ruRU","Руины Абораза",-1
312,"ruRU","Остров Жанейро",-1
313,"ruRU","Северное поместье",-1
314,"ruRU","Ферма Го'Шека",-1
315,"ruRU","Усадьба Дабири",-1
316,"ruRU","Крепость Тяжелого Кулака",-1
317,"ruRU","Деревня Сухокожих",-1
318,"ruRU","Теснина Сухоусов",-1
320,"ruRU","Опорный пункт",-1
321,"ruRU","Павший Молот",-1
322,"ruRU","Обломки судов Черноводья",-1
323,"ruRU","Лагерь О'Брина",-1
324,"ruRU","Крепость Стромгард",-1
325,"ruRU","Башня Аратора",-1
326,"ruRU","Святилище",-1
327,"ruRU","Бухта Фальдира",-1
328,"ruRU","Подводный риф",-1
330,"ruRU","Мост Тандола",-1
331,"ruRU","Ясеневый лес",-1
332,"ruRU","Великое море",-1
333,"ruRU","Восточный круг Обуздания",-1
334,"ruRU","Западный Круг Обуздания",-1
335,"ruRU","Внутренний Круг Обуздания",-1
336,"ruRU","Внешний Круг Обуздания",-1
337,"ruRU","Скелет Апокрифана",-1
338,"ruRU","Крепость Ангор",-1
339,"ruRU","Долина Летлор",-1
340,"ruRU","Каргат",-1
341,"ruRU","Лагерь Кош",-1
342,"ruRU","Лагерь Бофф",-1
343,"ruRU","Лагерь Вург",-1
344,"ruRU","Лагерь Кэгг",-1
345,"ruRU","Удел Эгмонда",-1
346,"ruRU","Карьер Тяжелоступа",-1
347,"ruRU","Грот Гнилобрюхих",-1
348,"ruRU","Заоблачный пик",-1
349,"ruRU","Крепость Громового Молота",-1
350,"ruRU","Сторожка Кель'Данил",-1
351,"ruRU","Осклизлая скала",-1
352,"ruRU","Зун'вата",-1
353,"ruRU","Шадра'Алор",-1
354,"ruRU","Джинта'Алор",-1
355,"ruRU","Алтарь Зула",-1
356,"ruRU","Серадан",-1
357,"ruRU","Фералас",-1
358,"ruRU","Ежевичная лощина",-1
359,"ruRU","Бейл Модан",-1
360,"ruRU","Рудник Торговой Компании",-1
361,"ruRU","Оскверненный лес",-1
362,"ruRU","Колючий Холм",-1
363,"ruRU","Долина Испытаний",-1
364,"ruRU","Логово",-1
365,"ruRU","Грот Пылающего Клинка",-1
366,"ruRU","Утес Колкар",-1
367,"ruRU","Деревня Сен'джин",-1
368,"ruRU","Острова Эха",-1
369,"ruRU","Громовой хребет",-1
370,"ruRU","Сухая лощина",-1
371,"ruRU","Пещера Пыльного Ветра",-1
372,"ruRU","Крепость Тирагард",-1
373,"ruRU","Берег Разбитых Кораблей",-1
374,"ruRU","Бухта Острорука",-1
375,"ruRU","Взморье Мертвого Глаза",-1
377,"ruRU","Река Строптивая",-1
378,"ruRU","Лагерь Таурахо",-1
379,"ruRU","Дальняя застава",-1
380,"ruRU","Перекресток",-1
381,"ruRU","Каменный карьер",-1
382,"ruRU","Нефтяное болото",-1
383,"ruRU","Сухие холмы",-1
384,"ruRU","Вершина Багрового Тумана",-1
385,"ruRU","Крепость Северной Стражи",-1
386,"ruRU","Забытые пруды",-1
387,"ruRU","Цветущий оазис",-1
388,"ruRU","Застывший оазис",-1
390,"ruRU","Поля Великанов",-1
391,"ruRU","Торговое побережье",-1
392,"ruRU","Кабестан",-1
393,"ruRU","Побережье Черного Копья",-1
394,"ruRU","Седые холмы",-1
395,"ruRU","Седая Пасть",-1
396,"ruRU","Колодец Заиндевевшего Копыта",-1
397,"ruRU","Колодец Громового Рога",-1
398,"ruRU","Колодец Буйногривых",-1
399,"ruRU","Гряда на горизонте",-1
400,"ruRU","Тысяча Игл",-1
401,"ruRU","Лестница Прилива",-1
403,"ruRU","Таверна ""Последний привал""",-1
404,"ruRU","Раскопки Бейл'дана",-1
405,"ruRU","Пустоши",-1
406,"ruRU","Когтистые горы",-1
407,"ruRU","Оргриммар НЕ ИСПОЛЬЗУЕТСЯ",-1
408,"ruRU","Остров Гиллиджима",-1
409,"ruRU","Остров доктора Лапидиса",-1
410,"ruRU","Каньон Колючего Ветра",-1
411,"ruRU","Убежище Батрана",-1
412,"ruRU","Руины Ордил'Арана",-1
413,"ruRU","Застава Мейстры",-1
414,"ruRU","Зорамское взморье",-1
415,"ruRU","Астранаар",-1
416,"ruRU","Святилище Эссины",-1
417,"ruRU","Святилище Огненной Расщелины",-1
418,"ruRU","Руины Звездной Пыли",-1
419,"ruRU","Воющая долина",-1
420,"ruRU","Приют Серебряного Ветра",-1
421,"ruRU","Озеро Мистраль",-1
422,"ruRU","Зеркало Небес",-1
424,"ruRU","Озеро Ирис",-1
425,"ruRU","Лунный колодец",-1
426,"ruRU","Приют в Ночных Лесах",-1
427,"ruRU","Тенистый закоулок",-1
428,"ruRU","Ночная поляна",-1
429,"ruRU","Ксавиан",-1
430,"ruRU","Сатирнаар",-1
431,"ruRU","Застава Расщепленного Дерева",-1
432,"ruRU","Обитель Дор'Данил",-1
433,"ruRU","Река Фалфаррен",-1
434,"ruRU","Холм Демонического Огня",-1
435,"ruRU","Каньон Гибели Демона",-1
436,"ruRU","Гряда Гибели Демона",-1
437,"ruRU","Лесозаготовки Песни Войны",-1
438,"ruRU","Тенистая Крона",-1
439,"ruRU","Мерцающая равнина",-1
440,"ruRU","Танарис",-1
441,"ruRU","Озеро Фалатим",-1
442,"ruRU","Аубердин",-1
443,"ruRU","Руины Матистры",-1
444,"ruRU","Башня Алталакса",-1
445,"ruRU","Водопад Скалистый",-1
446,"ruRU","Башал'Аран",-1
447,"ruRU","Амет'Аран",-1
448,"ruRU","Роща Древних",-1
449,"ruRU","Меч Властителя",-1
450,"ruRU","Раскопки рассеянного геолога",-1
452,"ruRU","Туманный Предел",-1
453,"ruRU","Длинный пролив",-1
454,"ruRU","Петляющая река",-1
455,"ruRU","Берлога в Чернолесье",-1
456,"ruRU","Река Скалистая",-1
457,"ruRU","Сокрытое море",-1
458,"ruRU","Золотой Путь",-1
459,"ruRU","Сторожевой пост Алого ордена",-1
460,"ruRU","Приют у Солнечного Камня",-1
461,"ruRU","Утес Ветрорезов",-1
463,"ruRU","Скалистое озеро",-1
464,"ruRU","Мутное озеро",-1
465,"ruRU","Обугленная долина",-1
466,"ruRU","Долина Кровавой Ярости",-1
467,"ruRU","Пик Каменного Когтя",-1
468,"ruRU","Логово Когтя",-1
469,"ruRU","Долина Высокого леса",-1
470,"ruRU","Громовой Утес НЕ ИСПОЛЬЗУЕТСЯ",-1
471,"ruRU","Плато Дерзкого Ветра",-1
472,"ruRU","Плато Огненного Камня",-1
473,"ruRU","Скала Мантия",-1
474,"ruRU","Вершина Охотников НЕ ИСПОЛЬЗУЕТСЯ",-1
475,"ruRU","Уступ Духов НЕ ИСПОЛЬЗУЕТСЯ",-1
476,"ruRU","Вершина Старейшин НЕ ИСПОЛЬЗУЕТСЯ",-1
477,"ruRU","Руины Жубуваля",-1
478,"ruRU","Пруды Арлитриэна",-1
479,"ruRU","Карьер Ржавой Кувалды",-1
480,"ruRU","Лагерь Э'Ток",-1
481,"ruRU","Утес Треснувшего Копыта",-1
482,"ruRU","Скальное гнездовье",-1
483,"ruRU","Каньон Визга",-1
484,"ruRU","Застава Вольного Ветра",-1
485,"ruRU","Великий Подъемник",-1
486,"ruRU","Форт Галак",-1
487,"ruRU","Логово Легкоперых",-1
488,"ruRU","Угол Семи Ветров",-1
489,"ruRU","Таланаар",-1
490,"ruRU","Кратер Ун'Горо",-1
491,"ruRU","Лабиринты Иглошкурых",-1
492,"ruRU","Кладбище Вороньего Холма",-1
493,"ruRU","Лунная поляна",-1
495,"ruRU","Ревущий фьорд",-1
496,"ruRU","Деревня Гиблотопь",-1
497,"ruRU","Сторожка ""Болотный огонек""",-1
498,"ruRU","Логово Кровавой Топи",-1
499,"ruRU","Мглистая пещера",-1
500,"ruRU","Вершина Моггл",-1
501,"ruRU","Место крушения Бизиля",-1
502,"ruRU","Ведьмин холм",-1
503,"ruRU","Сторожевой пост",-1
504,"ruRU","Северная башня",-1
505,"ruRU","Западная башня",-1
506,"ruRU","Разрушенная башня",-1
507,"ruRU","Синяя топь",-1
508,"ruRU","Руины Деревни Каменного Молота",-1
509,"ruRU","Огненное логово",-1
510,"ruRU","Земля Драконов",-1
511,"ruRU","Драконьи топи",-1
512,"ruRU","Деревня Черного Копыта",-1
513,"ruRU","Остров Терамор",-1
514,"ruRU","Цитадель",-1
515,"ruRU","Потайная бухта",-1
516,"ruRU","Пылевая бухта",-1
517,"ruRU","Залив Яростных Волн",-1
518,"ruRU","Зловещий берег",-1
536,"ruRU","Участок Эддла",-1
537,"ruRU","Вулкан Огненного Венца",-1
538,"ruRU","Смоляные ямы Лаккари",-1
539,"ruRU","Путь Ужаса",-1
540,"ruRU","Скользкий овраг",-1
541,"ruRU","Укрытие Маршалла",-1
542,"ruRU","Пещера Лишайников",-1
543,"ruRU","Горячие источники Голакка",-1
556,"ruRU","Озеро Лок",-1
576,"ruRU","Приют Бродяги",-1
596,"ruRU","Кладбище кодо",-1
597,"ruRU","Застава Скитающихся Духов",-1
598,"ruRU","Побережье Сар'Терис",-1
599,"ruRU","Крепость Громового Топора",-1
600,"ruRU","Пещера Болгана",-1
602,"ruRU","Поле Маннорок",-1
603,"ruRU","Саргерон",-1
604,"ruRU","Деревня Маграм",-1
606,"ruRU","Деревня Гелкис",-1
607,"ruRU","Долина Копий",-1
608,"ruRU","Высота Найджела",-1
609,"ruRU","Деревня Колкар",-1
616,"ruRU","Хиджал",-1
618,"ruRU","Зимние Ключи",-1
636,"ruRU","Волчья река",-1
637,"ruRU","Дольмен Кодо",-1
638,"ruRU","Потайная тропа",-1
639,"ruRU","Священный Камень",-1
640,"ruRU","Святилище Дремлющего Пламени",-1
656,"ruRU","Озеро Элуне'ара",-1
657,"ruRU","Убежище",-1
676,"ruRU","Запределье",-1
696,"ruRU","Терраса ремесленников НЕ ИСПОЛЬЗУЕТСЯ",-1
697,"ruRU","Терраса торговцев НЕ ИСПОЛЬЗУЕТСЯ",-1
698,"ruRU","Храмовые сады НЕ ИСПОЛЬЗУЕТСЯ",-1
699,"ruRU","Храм Элуны НЕ ИСПОЛЬЗУЕТСЯ",-1
700,"ruRU","Анклав Кенария НЕ ИСПОЛЬЗУЕТСЯ",-1
701,"ruRU","Терраса Воинов НЕ ИСПОЛЬЗУЕТСЯ",-1
702,"ruRU","Деревня Рут'теран",-1
716,"ruRU","Мастерская Сталекрута",-1
717,"ruRU","Тюрьма",-1
718,"ruRU","Пещеры Стенаний",-1
719,"ruRU","Непроглядная Пучина",-1
720,"ruRU","Остров Битв",-1
721,"ruRU","Гномреган",-1
722,"ruRU","Курганы Иглошкурых",-1
736,"ruRU","Лощина Бен'этиль",-1
796,"ruRU","Монастырь Алого ордена",-1
797,"ruRU","Лагерь Джерода",-1
798,"ruRU","Дозорная башня",-1
799,"ruRU","Темный берег",-1
800,"ruRU","Туннель Холодной долины",-1
801,"ruRU","Долина Промозглого Ветра",-1
802,"ruRU","Мерцающий хребет",-1
803,"ruRU","Ферма Янтарленов",-1
804,"ruRU","Холмы Тандрид",-1
805,"ruRU","Южные врата",-1
806,"ruRU","Застава у Южных врат",-1
807,"ruRU","Северные врата",-1
808,"ruRU","Застава у Северных врат",-1
809,"ruRU","Врата Стальгорна",-1
810,"ruRU","Тихий Омут",-1
811,"ruRU","Долина Кошмаров",-1
812,"ruRU","Долина ядовитых пауков",-1
813,"ruRU","Бастион",-1
814,"ruRU","Река Строптивая",-1
815,"ruRU","Река Строптивая",-1
816,"ruRU","Земли Иглогривых",-1
817,"ruRU","Скала Черепа",-1
818,"ruRU","Утес Бледногривов",-1
819,"ruRU","Гряда Неистовства Ветра",-1
820,"ruRU","Золотые равнины",-1
821,"ruRU","Холмистые равнины",-1
836,"ruRU","Дун Альгаз",-1
837,"ruRU","Дун Альгаз",-1
838,"ruRU","Северные врата",-1
839,"ruRU","Южные врата",-1
856,"ruRU","Мглистая роща",-1
876,"ruRU","Остров ГМ",-1
877,"ruRU","Удалите МЕНЯ",-1
878,"ruRU","Река Строптивая",-1
879,"ruRU","Река Строптивая",-1
880,"ruRU","Мост Тандола",-1
881,"ruRU","Мост Тандола",-1
896,"ruRU","Остров Очищения",-1
916,"ruRU","Владение Янсена",-1
917,"ruRU","Мертвая пашня",-1
918,"ruRU","Ферма Мольсена",-1
919,"ruRU","Пруд Стенделя",-1
920,"ruRU","Холмы Разбойничьих Кинжалов",-1
921,"ruRU","Участок Демонта",-1
922,"ruRU","Пыльные равнины",-1
923,"ruRU","Долина Камнедробов",-1
924,"ruRU","Долина Королей",-1
925,"ruRU","Станция Альгаз",-1
926,"ruRU","Ферма Баклбри",-1
927,"ruRU","Сияющий берег",-1
928,"ruRU","Северная приливная низина",-1
936,"ruRU","Хребет Седых Лап",-1
956,"ruRU","Зеленеющие поля",-1
976,"ruRU","Прибамбасск",-1
977,"ruRU","Порт Картеля",-1
978,"ruRU","Зул'Фаррак",-1
979,"ruRU","Застава Скорбных Песков",-1
980,"ruRU","Долина Кактусов",-1
981,"ruRU","Зияющая бездна",-1
982,"ruRU","Ядовитый улей",-1
983,"ruRU","Поселение Песчаного Молота",-1
984,"ruRU","Руины Восточной Луны",-1
985,"ruRU","Родниковое поле",-1
986,"ruRU","Логово Залашьи",-1
987,"ruRU","Пляж на Краю Света",-1
988,"ruRU","Берег Морского Бродяги",-1
989,"ruRU","Ульдум",-1
990,"ruRU","Долина Стражей",-1
991,"ruRU","Застава Ганстена",-1
992,"ruRU","Руины Южной Луны",-1
996,"ruRU","Лагерь Ренда",-1
997,"ruRU","Долина Ренда",-1
998,"ruRU","Скала Ренда",-1
999,"ruRU","Башня Каменной Стражи",-1
1000,"ruRU","Долина Галарделл",-1
1001,"ruRU","Озерный тракт",-1
1002,"ruRU","Три Угла",-1
1016,"ruRU","Зловещий холм",-1
1017,"ruRU","Гряда Ящеров",-1
1018,"ruRU","Черная трясина",-1
1019,"ruRU","Зеленый Пояс",-1
1020,"ruRU","Болото Мохошкуров",-1
1021,"ruRU","Пещера Тельгена",-1
1022,"ruRU","Болота Синежабрых",-1
1023,"ruRU","Долина Солевого Тумана",-1
1024,"ruRU","Закатное болото",-1
1025,"ruRU","Зеленый Пояс",-1
1036,"ruRU","Лагерь Злого Клыка",-1
1037,"ruRU","Грим Батол",-1
1038,"ruRU","Врата Драконьей Пасти",-1
1039,"ruRU","Погибший Флот",-1
1056,"ruRU","Холм Дарроу",-1
1057,"ruRU","Стена Торадина",-1
1076,"ruRU","Паучий тракт",-1
1097,"ruRU","Затихший берег",-1
1098,"ruRU","Поместье Мистмантла",-1
1099,"ruRU","Лагерь Мохаче",-1
1100,"ruRU","Лагерь Зловещего Тотема",-1
1101,"ruRU","Гудящая Бездна",-1
1102,"ruRU","Штормовое озеро",-1
1103,"ruRU","Поселение Гордунни",-1
1104,"ruRU","Мок'Гордун",-1
1105,"ruRU","Долина Свирепого Утеса",-1
1106,"ruRU","Высокогорье Блеклых Перьев",-1
1107,"ruRU","Озеро Тихого Ветра",-1
1108,"ruRU","Забытый берег",-1
1109,"ruRU","Восточная колонна",-1
1110,"ruRU","Западная колонна",-1
1111,"ruRU","Сонные Ветви",-1
1112,"ruRU","Нефритовое озеро",-1
1113,"ruRU","Онейрос",-1
1114,"ruRU","Руины Яростного Ветра",-1
1115,"ruRU","Пещера Бешеного оврага",-1
1116,"ruRU","Крепость Оперенной Луны",-1
1117,"ruRU","Руины Соларсаля",-1
1118,"ruRU","Низинные чащобы НЕ ИСПОЛЬЗУЕТСЯ",-1
1119,"ruRU","Два Колосса",-1
1120,"ruRU","Остров Сардор",-1
1121,"ruRU","Остров Ужаса",-1
1136,"ruRU","Высокогорные дебри",-1
1137,"ruRU","Низинные чащобы",-1
1156,"ruRU","Южные степи",-1
1157,"ruRU","Южный Золотой Путь",-1
1176,"ruRU","Зул'Фаррак",-1
1196,"ruRU","Вершина Утгард",-1
1216,"ruRU","Крепость Древобрюхов",-1
1217,"ruRU","Лагерь Ванндир",-1
1218,"ruRU","ТЕСТАзшара",-1
1219,"ruRU","Лагерь Легаш",-1
1220,"ruRU","Талассийское поселение",-1
1221,"ruRU","Руины Эльдарата",-1
1222,"ruRU","Гнездо Хетайры",-1
1223,"ruRU","Храм Зин-Малор",-1
1224,"ruRU","Медвежий угол",-1
1225,"ruRU","Урсолан",-1
1226,"ruRU","Храм Арккоран",-1
1227,"ruRU","Залив Бурь",-1
1228,"ruRU","Разоренное побережье",-1
1229,"ruRU","Башня Эльдары",-1
1230,"ruRU","Острые рифы",-1
1231,"ruRU","Южный пляж",-1
1232,"ruRU","Памятник Гребню Ворона",-1
1233,"ruRU","Одинокая вершина",-1
1234,"ruRU","Озеро Меннар",-1
1235,"ruRU","Святилище Песни Теней",-1
1236,"ruRU","Лагерь Халдарр",-1
1237,"ruRU","Храбростан",-1
1256,"ruRU","Опустошенный берег",-1
1276,"ruRU","Туннель Когтя",-1
1277,"ruRU","Туннель Когтя",-1
1296,"ruRU","Ферма Каменного Клыка",-1
1297,"ruRU","Свиноферма",-1
1316,"ruRU","Курганы Иглошкурых",-1
1336,"ruRU","Бухта Сорванных Парусов",-1
1337,"ruRU","Ульдаман",-1
1338,"ruRU","Озеро Лордамер",-1
1339,"ruRU","Озеро Лордамер",-1
1357,"ruRU","Перекресток Висельников",-1
1377,"ruRU","Силитус",-1
1397,"ruRU","Изумрудный лес",-1
1417,"ruRU","Затонувший храм",-1
1437,"ruRU","Форт Молота Ужаса",-1
1438,"ruRU","Крепость Стражей Пустоты",-1
1439,"ruRU","Стоянка Молота Ужаса",-1
1440,"ruRU","Змеиные Кольца",-1
1441,"ruRU","Алтарь Бурь",-1
1442,"ruRU","Гряда Огненной стражи",-1
1443,"ruRU","Шлаковая Яма",-1
1444,"ruRU","Пепельное Море",-1
1445,"ruRU","Черная гора",-1
1446,"ruRU","Лагерь Братства Тория",-1
1457,"ruRU","Мастерские Гарнизона",-1
1477,"ruRU","Храм Атал'Хаккара",-1
1497,"ruRU","Подгород",-1
1517,"ruRU","Ульдаман",-1
1518,"ruRU","Не использующиеся Мертвые копи",-1
1519,"ruRU","Штормград",-1
1537,"ruRU","Стальгорн",-1
1557,"ruRU","Оплот Треснувшего Копыта",-1
1577,"ruRU","Мыс Тернистой долины",-1
1578,"ruRU","Южный Гибельный берег",-1
1579,"ruRU","Unused The Deadmines 002",-1
1580,"ruRU","Unused Ironclad Cove 003",-1
1581,"ruRU","Мертвые копи",-1
1582,"ruRU","Потайная бухта",-1
1583,"ruRU","Пик Черной горы",-1
1584,"ruRU","Глубины Черной горы",-1
1597,"ruRU","Земли ящеров НЕ ИСПОЛЬЗУЕТСЯ",-1
1598,"ruRU","Ферма Гроль'дома НЕ ИСПОЛЬЗУЕТСЯ",-1
1599,"ruRU","Лагерь Мор'шан",-1
1600,"ruRU","Застава Чести НЕ ИСПОЛЬЗУЕТСЯ",-1
1601,"ruRU","Хребет Черный шип НЕ ИСПОЛЬЗУЕТСЯ",-1
1602,"ruRU","Ежевичный Шип НЕ ИСПОЛЬЗУЕТСЯ",-1
1603,"ruRU","Агамагор НЕ ИСПОЛЬЗУЕТСЯ",-1
1617,"ruRU","Аллея Героев",-1
1637,"ruRU","Оргриммар",-1
1638,"ruRU","Громовой Утес",-1
1639,"ruRU","Вершина Старейшин",-1
1640,"ruRU","Вершина Духов",-1
1641,"ruRU","Вершина Охотников",-1
1657,"ruRU","Дарнас",-1
1658,"ruRU","Анклав Кенария",-1
1659,"ruRU","Терраса Ремесленников",-1
1660,"ruRU","Терраса Воинов",-1
1661,"ruRU","Храмовые сады",-1
1662,"ruRU","Терраса Торговцев",-1
1677,"ruRU","Возвышенность Гэвина",-1
1678,"ruRU","Возвышенность Соферы",-1
1679,"ruRU","Уступ Коррана",-1
1680,"ruRU","Высокий отрог",-1
1681,"ruRU","Мглистый берег",-1
1682,"ruRU","Овчарня Дандреда",-1
1683,"ruRU","Промерзшая пещера",-1
1684,"ruRU","Берег Промозглого Ветра",-1
1697,"ruRU","Земли Ящеров",-1
1698,"ruRU","Ежевичный овраг",-1
1699,"ruRU","Тернистый холм",-1
1700,"ruRU","Агама'гор",-1
1701,"ruRU","Хребет Черных Шипов",-1
1702,"ruRU","Застава Чести",-1
1703,"ruRU","Застава Мор'шан",-1
1704,"ruRU","Ферма Гроль'дома",-1
1717,"ruRU","Лабиринты Иглошкурых",-1
1718,"ruRU","Великий Подъемник",-1
1737,"ruRU","Мглистая долина",-1
1738,"ruRU","Родник Нек'Мани",-1
1739,"ruRU","Лагерь Кровавого Паруса",-1
1740,"ruRU","Главный лагерь Торговой Компании",-1
1741,"ruRU","Арена Гурубаши",-1
1742,"ruRU","Пещера Духов",-1
1757,"ruRU","Кровавая Завеса",-1
1758,"ruRU","Бурун",-1
1759,"ruRU","Госпожа Удача",-1
1760,"ruRU","Штаб-квартира Торговой Компании",-1
1761,"ruRU","Деревня Мертвого Леса",-1
1762,"ruRU","Деревня Сквернолапов",-1
1763,"ruRU","Джеденар",-1
1764,"ruRU","Река Отравленной Крови",-1
1765,"ruRU","Водопад Отравленной Крови",-1
1766,"ruRU","Долина Рваных Ран",-1
1767,"ruRU","Железнолесье",-1
1768,"ruRU","Пещера Железнолесья",-1
1769,"ruRU","Крепость Древобрюхов",-1
1770,"ruRU","Оплот Теней",-1
1771,"ruRU","Святилище Искусителя",-1
1777,"ruRU","Пещера Итара",-1
1778,"ruRU","Горемрак",-1
1779,"ruRU","Деревня Дренил'дур",-1
1780,"ruRU","Развилка Расщепленного Копья",-1
1797,"ruRU","Вязкая топь",-1
1798,"ruRU","Ползучая трясина",-1
1817,"ruRU","Пещера у Вязкой топи",-1
1837,"ruRU","Пещеры Сухокожих",-1
1857,"ruRU","Стена Торадина",-1
1858,"ruRU","Камен'гор",-1
1877,"ruRU","Долина Клыков",-1
1878,"ruRU","Знойные Пески",-1
1879,"ruRU","Маревые равнины",-1
1880,"ruRU","Домик Пероборода",-1
1881,"ruRU","Лагерь Выпивохи",-1
1882,"ruRU","Чумная лощина",-1
1883,"ruRU","Озеро Доблести",-1
1884,"ruRU","Агол'вата",-1
1885,"ruRU","Хири'вата",-1
1886,"ruRU","Ползучие руины",-1
1887,"ruRU","Грот Богена",-1
1897,"ruRU","Терраса Творца",-1
1898,"ruRU","Лощина Суховея",-1
1917,"ruRU","Шаол'вата",-1
1937,"ruRU","Руины Полуденной Тени",-1
1938,"ruRU","Разбитая Колонна",-1
1939,"ruRU","Безбрежные пески",-1
1940,"ruRU","Берег за Южной грядой",-1
1941,"ruRU","Пещеры Времени",-1
1942,"ruRU","Топи",-1
1943,"ruRU","Плато Железного Камня",-1
1957,"ruRU","Обугленная пещера",-1
1958,"ruRU","Палатка Дубильщицы",-1
1959,"ruRU","Выжженная долина",-1
1977,"ruRU","Зул'Гуруб",-1
1978,"ruRU","Тростниковая застава",-1
1997,"ruRU","Застава Отравленной Крови",-1
1998,"ruRU","Поляна Когтистых Ветвей",-1
2017,"ruRU","Стратхольм",-1
2037,"ruRU","Кель'Талас",-1
2057,"ruRU","Некроситет",-1
2077,"ruRU","Сумеречная долина",-1
2078,"ruRU","Сумеречная излучина",-1
2079,"ruRU","Остров Алькац",-1
2097,"ruRU","Пик Темного Облака",-1
2098,"ruRU","Катакомбы Утреннего Леса",-1
2099,"ruRU","Крепость Каменной Стражи",-1
2100,"ruRU","Мародон",-1
2101,"ruRU","Таверна ""Крепкое пойло""",-1
2102,"ruRU","Таверна ""Громоварка""",-1
2103,"ruRU","Крепость Менетил",-1
2104,"ruRU","Таверна ""Большая вода""",-1
2117,"ruRU","Мрачный склеп",-1
2118,"ruRU","Ратуша Брилла",-1
2119,"ruRU","Таверна ""Петля висельника""",-1
2137,"ruRU","Пруды ВиденийНЕ ИСПОЛЬЗУЕТСЯ",-1
2138,"ruRU","Пещера Багрового Тумана",-1
2157,"ruRU","Крепость Бейл'дан",-1
2158,"ruRU","Логово Огнебора",-1
2159,"ruRU","Логово Ониксии",-1
2160,"ruRU","Рудник Ветрорезов",-1
2161,"ruRU","Погибель Роланда",-1
2177,"ruRU","Ринг",-1
2197,"ruRU","Пруды Видений",-1
2198,"ruRU","Лощина Тьмы",-1
2217,"ruRU","Деревня Сломанного Копья",-1
2237,"ruRU","Застава Белого Плеса",-1
2238,"ruRU","Горния",-1
2239,"ruRU","Око Зейна",-1
2240,"ruRU","Виражи на Миражах",-1
2241,"ruRU","Уступ Ледопардов",-1
2242,"ruRU","Сокрытая роща",-1
2243,"ruRU","Застава Древобрюхов",-1
2244,"ruRU","Деревня Зимней Спячки",-1
2245,"ruRU","Мазторил",-1
2246,"ruRU","Источники Ледяного огня",-1
2247,"ruRU","Холмы Ледополоха",-1
2248,"ruRU","Дун Мандарр",-1
2249,"ruRU","Теснина Ледяного Шепота",-1
2250,"ruRU","Совиная чаща",-1
2251,"ruRU","Озеро Кел'Терил",-1
2252,"ruRU","Руины Кел'Терила",-1
2253,"ruRU","Деревня Звездопада",-1
2254,"ruRU","Берлога Бен'Таллоу",-1
2255,"ruRU","Круговзор",-1
2256,"ruRU","Теснина Зловещего Шепота",-1
2257,"ruRU","Подземный поезд",-1
2258,"ruRU","Грибная долина",-1
2259,"ruRU","НЕ ИСПОЛЬЗУЕТСЯПоместье Маррисов",-1
2260,"ruRU","Поместье Маррисов",-1
2261,"ruRU","Крипта",-1
2262,"ruRU","Дарроушир",-1
2263,"ruRU","Башня королевской стражи",-1
2264,"ruRU","Перекресток Корина",-1
2265,"ruRU","Лагерь Алого ордена",-1
2266,"ruRU","Длань Тира",-1
2267,"ruRU","Алая Базилика",-1
2268,"ruRU","Часовня Последней Надежды",-1
2269,"ruRU","Лесопилка Бровача",-1
2270,"ruRU","Ядовитая поляна",-1
2271,"ruRU","Восточная башня",-1
2272,"ruRU","Северный Дол",-1
2273,"ruRU","Зул'Машар",-1
2274,"ruRU","Мазра'Алор",-1
2275,"ruRU","Башня Северного перевала",-1
2276,"ruRU","Сторожка Кель'Литиен",-1
2277,"ruRU","Проклятый лес",-1
2278,"ruRU","Оплот Плети",-1
2279,"ruRU","Стратхольм",-1
2280,"ruRU","НЕ ИСПОЛЬЗУЕТСЯ",-1
2297,"ruRU","Озеро Дарроумир",-1
2298,"ruRU","Каэр Дарроу",-1
2299,"ruRU","Озеро Дарроумир",-1
2300,"ruRU","Пещеры Времени",-1
2301,"ruRU","Деревня Колючего Меха",-1
2302,"ruRU","Трясина",-1
2303,"ruRU","Безветренный каньон",-1
2317,"ruRU","Южные моря",-1
2318,"ruRU","Великое море",-1
2319,"ruRU","Великое море",-1
2320,"ruRU","Великое море",-1
2321,"ruRU","Великое море",-1
2322,"ruRU","Сокрытое море",-1
2323,"ruRU","Сокрытое море",-1
2324,"ruRU","Сокрытое море",-1
2325,"ruRU","Сокрытое море",-1
2326,"ruRU","Сокрытое море",-1
2337,"ruRU","Казармы Колючего Холма",-1
2338,"ruRU","Южные моря",-1
2339,"ruRU","Великое море",-1
2357,"ruRU","Лагерь Кровавого Клыка",-1
2358,"ruRU","Лесная Песнь",-1
2359,"ruRU","Деревня Зеленой Лапы",-1
2360,"ruRU","Аванпост Среброкрылых",-1
2361,"ruRU","Ночная Гавань",-1
2362,"ruRU","Святилище Ремула",-1
2363,"ruRU","Кельи Малфуриона",-1
2364,"ruRU","Великое море",-1
2365,"ruRU","Великое море",-1
2366,"ruRU","Черные топи",-1
2367,"ruRU","Старые предгорья Хилсбрада",-1
2368,"ruRU","Мельница Таррен",-1
2369,"ruRU","Южнобережье",-1
2370,"ruRU","Крепость Дарнхольд",-1
2371,"ruRU","Дун Гарок",-1
2372,"ruRU","Хилсбрадские поля",-1
2373,"ruRU","Восточное побережье",-1
2374,"ruRU","Владение Нетандера",-1
2375,"ruRU","Холм Дарроу",-1
2376,"ruRU","Южная башня",-1
2377,"ruRU","Стена Торадина",-1
2378,"ruRU","Западное побережье",-1
2379,"ruRU","Лазуритовый рудник",-1
2397,"ruRU","Великое море",-1
2398,"ruRU","Великое море",-1
2399,"ruRU","Великое море",-1
2400,"ruRU","Зловещее море",-1
2401,"ruRU","Зловещее море",-1
2402,"ruRU","Зловещее море",-1
2403,"ruRU","Зловещее море",-1
2404,"ruRU","Тефрис-Аран",-1
2405,"ruRU","Этель-Ретор",-1
2406,"ruRU","Остров Раназьяр",-1
2407,"ruRU","Хижина Кормека",-1
2408,"ruRU","Деревня Ночных Охотников",-1
2417,"ruRU","Перевал Черной горы",-1
2418,"ruRU","Дозор Моргана",-1
2419,"ruRU","Скользкая скала",-1
2420,"ruRU","Тропа Крылатого Ужаса",-1
2421,"ruRU","Драко'дар",-1
2437,"ruRU","Огненная пропасть",-1
2457,"ruRU","Леса Ночной Песни",-1
2477,"ruRU","Сокрытое море",-1
2478,"ruRU","Морлос'Аран",-1
2479,"ruRU","Изумрудное святилище",-1
2480,"ruRU","Долина Нефритового Пламени",-1
2481,"ruRU","Руины Констелласа",-1
2497,"ruRU","Горькие плесы",-1
2517,"ruRU","Утес Осквернителя",-1
2518,"ruRU","Павильон Лорисс",-1
2519,"ruRU","Холмы Древолапов",-1
2520,"ruRU","Логово Древолапов",-1
2521,"ruRU","Река Вердантис",-1
2522,"ruRU","Руины Исильдиэна",-1
2537,"ruRU","Застава Зловещего Тотема",-1
2538,"ruRU","Лагерь Апарахе",-1
2539,"ruRU","Малака'джин",-1
2540,"ruRU","Ущелье Камнепадов",-1
2541,"ruRU","Сиширский каньон",-1
2557,"ruRU","Забытый Город",-1
2558,"ruRU","Овраг Мертвого Ветра",-1
2559,"ruRU","Река Алмазная",-1
2560,"ruRU","Лагерь Аридена",-1
2561,"ruRU","Погань",-1
2562,"ruRU","Каражан",-1
2563,"ruRU","Надел Моргана",-1
2577,"ruRU","Забытый Город",-1
2597,"ruRU","Альтеракская долина",-1
2617,"ruRU","Лагерь Заржавня",-1
2618,"ruRU","Холм Нефритового Пламени",-1
2619,"ruRU","Река Тондрорил",-1
2620,"ruRU","Река Тондрорил",-1
2621,"ruRU","Озеро Мерельдар",-1
2622,"ruRU","Моровой овраг",-1
2623,"ruRU","Чумной овраг",-1
2624,"ruRU","Озеро Чернолесья",-1
2625,"ruRU","Восточные ворота",-1
2626,"ruRU","Туннель Ужаса",-1
2627,"ruRU","Долина Ужаса",-1
2637,"ruRU","Крепость Каргатия",-1
2657,"ruRU","Долина Костей",-1
2677,"ruRU","Логово Крыла Тьмы",-1
2697,"ruRU","Перекресток Мертвеца",-1
2717,"ruRU","Огненные Недра",-1
2737,"ruRU","Стена Скарабея",-1
2738,"ruRU","Деревня Южного Ветра",-1
2739,"ruRU","Сумеречный лагерь",-1
2740,"ruRU","Долина Кристаллов",-1
2741,"ruRU","Помост Скарабея",-1
2742,"ruRU","Улей Аши",-1
2743,"ruRU","Улей Зора",-1
2744,"ruRU","Улей Регал",-1
2757,"ruRU","Святилище Павшего Воина",-1
2777,"ruRU","НЕ ИСПОЛЬЗУЕТСЯ Альтеракская долина",-1
2797,"ruRU","Непроглядная Пучина",-1
2817,"ruRU","Лес Хрустальной Песни",-1
2837,"ruRU","Хозяйский погреб",-1
2838,"ruRU","Подгорная тропа",-1
2839,"ruRU","Альтеракская долина",-1
2857,"ruRU","Гремящая Клеть",-1
2877,"ruRU","Глыба Тест",-1
2897,"ruRU","Форт Зорам'гар",-1
2917,"ruRU","Зал Легенд",-1
2918,"ruRU","Зал Защитника",-1
2937,"ruRU","Поселок Грош'гок",-1
2938,"ruRU","Спящая теснина",-1
2957,"ruRU","Железный рудник",-1
2958,"ruRU","Форт Каменного Очага",-1
2959,"ruRU","Дун Болдар",-1
2960,"ruRU","Перевал Ледяного Крыла",-1
2961,"ruRU","Деревня Северного Волка",-1
2962,"ruRU","Смотровая башня",-1
2963,"ruRU","Рудник Ледяного Зуба",-1
2964,"ruRU","Форт Ледяной Секиры",-1
2977,"ruRU","Гарнизон Стылой Крови",-1
2978,"ruRU","Крепость Северного Волка",-1
2979,"ruRU","Ферма Тор'кренов",-1
3017,"ruRU","Перевал Ледяного Клинка",-1
3037,"ruRU","Лагерь Железного Камня",-1
3038,"ruRU","Кратер Криворука",-1
3039,"ruRU","Руины Тахонды",-1
3057,"ruRU","Поле брани",-1
3058,"ruRU","Пещера Ледяного Крыла",-1
3077,"ruRU","Погост Отважных",-1
3097,"ruRU","Роящаяся вершина",-1
3098,"ruRU","Сумеречная застава",-1
3099,"ruRU","Сумеречный форт",-1
3100,"ruRU","Разоренный Сумеречный лагерь",-1
3117,"ruRU","Убежище Шалзару",-1
3137,"ruRU","Застава Талрендис",-1
3138,"ruRU","Святилище Ретресса",-1
3139,"ruRU","Обитель Лунного Ужаса",-1
3140,"ruRU","Пещера Чешуеборода",-1
3157,"ruRU","Пещера Камнепадов",-1
3177,"ruRU","Рабочий лагерь Песни Войны",-1
3197,"ruRU","Лагерь Промозглого Ветра",-1
3217,"ruRU","Ристалище",-1
3237,"ruRU","Молот НЕ ИСПОЛЬЗУЕТСЯ",-1
3257,"ruRU","Кости Граккаронда",-1
3277,"ruRU","Ущелье Песни Войны",-1
3297,"ruRU","Кладбище Северного Волка",-1
3298,"ruRU","Перевал Северного Волка",-1
3299,"ruRU","Перевал Дун Болдар",-1
3300,"ruRU","Кладбище Стылой Крови",-1
3301,"ruRU","Кладбище Снегопада",-1
3302,"ruRU","Кладбище Каменного Очага",-1
3303,"ruRU","Кладбище Грозовой Вершины",-1
3304,"ruRU","Укрытие Ледяного Крыла",-1
3305,"ruRU","Укрытие Каменного Очага",-1
3306,"ruRU","Гряда Дикой Лапы",-1
3317,"ruRU","Деревня Сломанного Клыка",-1
3318,"ruRU","Обелиск Дуротана",-1
3319,"ruRU","Роща Среброкрылых",-1
3320,"ruRU","Лесопилка Песни Войны",-1
3321,"ruRU","Крепость Среброкрылых",-1
3337,"ruRU","Пещера Дикой Лапы",-1
3338,"ruRU","Сокрытое ущелье",-1
3357,"ruRU","Остров Йоджамба",-1
3358,"ruRU","Низина Арати",-1
3377,"ruRU","Серпантин",-1
3378,"ruRU","Алтарь Хир'ика",-1
3379,"ruRU","Шадра'заар",-1
3380,"ruRU","Земли Хаккари",-1
3381,"ruRU","Холм Ширвалла",-1
3382,"ruRU","Храм Бетекк",-1
3383,"ruRU","Алтарь Кипящей Крови",-1
3384,"ruRU","Алтарь Бога Крови",-1
3397,"ruRU","Пирамида Занзы",-1
3398,"ruRU","Грань Безумия",-1
3417,"ruRU","Зал Троллебоя",-1
3418,"ruRU","Логово Осквернителя",-1
3419,"ruRU","Стоянка Пэгла",-1
3420,"ruRU","Ферма",-1
3421,"ruRU","Кузница",-1
3422,"ruRU","Лесопилка",-1
3423,"ruRU","Золотой рудник",-1
3424,"ruRU","Стойла",-1
3425,"ruRU","Крепость Кенария",-1
3426,"ruRU","Лагерь Оленьего Шлема",-1
3427,"ruRU","Лагерь Бронзоборода",-1
3428,"ruRU","Ан'Кираж",-1
3429,"ruRU","Руины Ан'Киража",-1
3430,"ruRU","Леса Вечной Песни",-1
3431,"ruRU","Остров Солнечного Скитальца",-1
3432,"ruRU","Святилище Дат'Ремара",-1
3433,"ruRU","Призрачные земли",-1
3434,"ruRU","Терраса Скарабея",-1
3435,"ruRU","Терраса Генерала",-1
3436,"ruRU","Резервуар",-1
3437,"ruRU","Инкубатор",-1
3438,"ruRU","Соты",-1
3439,"ruRU","Терраса Стражей",-1
3440,"ruRU","Терраса Скарабея",-1
3441,"ruRU","Терраса Генерала",-1
3442,"ruRU","Резервуар",-1
3443,"ruRU","Инкубатор",-1
3444,"ruRU","Соты",-1
3445,"ruRU","Терраса Стражей",-1
3446,"ruRU","Сумеречная пещера",-1
3447,"ruRU","Укрытие Ортелла",-1
3448,"ruRU","Терраса Скарабея",-1
3449,"ruRU","Терраса Генерала",-1
3450,"ruRU","Резервуар",-1
3451,"ruRU","Инкубатор",-1
3452,"ruRU","Соты",-1
3453,"ruRU","Терраса Стражей",-1
3454,"ruRU","Руины Ан'Киража",-1
3455,"ruRU","Северное море",-1
3456,"ruRU","Наксрамас",-1
3457,"ruRU","Каражан",-1
3459,"ruRU","Город",-1
3460,"ruRU","Золотистое взморье",-1
3461,"ruRU","Причал Солнечного Паруса",-1
3462,"ruRU","Деревня Легкий Ветерок",-1
3463,"ruRU","Врата Магистров",-1
3464,"ruRU","Обитель Странников",-1
3465,"ruRU","Северное святилище",-1
3466,"ruRU","Западное святилище",-1
3467,"ruRU","Восточное святилище",-1
3468,"ruRU","Вилла Салтерила",-1
3469,"ruRU","Стойла Турона",-1
3470,"ruRU","Пруд Тихого Шелеста",-1
3471,"ruRU","Живой лес",-1
3472,"ruRU","Побережье Лазурного Ветра",-1
3473,"ruRU","Озеро Элрендар",-1
3474,"ruRU","Выжженная роща",-1
3475,"ruRU","Зеб'Вата",-1
3476,"ruRU","Тор'Вата",-1
3477,"ruRU","Азжол-Неруб",-1
3478,"ruRU","Врата Ан'Киража",-1
3479,"ruRU","Сокрытое море",-1
3480,"ruRU","Земли Блеклых Сумерек",-1
3481,"ruRU","Замок Блеклых Сумерек",-1
3482,"ruRU","Тропа Мертвых",-1
3483,"ruRU","Полуостров Адского Пламени",-1
3484,"ruRU","Солнечный Шпиль",-1
3485,"ruRU","Академия Фалтриена",-1
3486,"ruRU","Поместье Черного Ворона",-1
3487,"ruRU","Луносвет",-1
3488,"ruRU","Транквиллион",-1
3489,"ruRU","Деревня Солнечной Короны",-1
3490,"ruRU","Деревня Золотистой Дымки",-1
3491,"ruRU","Деревня Ветрокрылых",-1
3492,"ruRU","Шпили Ветрокрылых",-1
3493,"ruRU","Святилище Солнца",-1
3494,"ruRU","Святилище Луны",-1
3495,"ruRU","Башня Утренней Звезды",-1
3496,"ruRU","Анклав Странников",-1
3497,"ruRU","Ан'дарот",-1
3498,"ruRU","Ан'телас",-1
3499,"ruRU","Ан'овин",-1
3500,"ruRU","Смертхольм",-1
3501,"ruRU","Кровоточащий зиккурат",-1
3502,"ruRU","Воющий зиккурат",-1
3503,"ruRU","Остров Шаландис",-1
3504,"ruRU","Имение Торила",-1
3505,"ruRU","Беспросветные рудники",-1
3506,"ruRU","Поместье Андилиен",-1
3507,"ruRU","Холмы Томагавков",-1
3508,"ruRU","Перевал Амани",-1
3509,"ruRU","Пик Солнечного Пастбища",-1
3510,"ruRU","Катакомбы Амани",-1
3511,"ruRU","Башня Проклятых",-1
3512,"ruRU","Зеб'Сора",-1
3513,"ruRU","Озеро Элрендар",-1
3514,"ruRU","Тропа Мертвых",-1
3515,"ruRU","Река Элрендар",-1
3516,"ruRU","Зеб'Тела",-1
3517,"ruRU","Зеб'Нова",-1
3518,"ruRU","Награнд",-1
3519,"ruRU","Лес Тероккар",-1
3520,"ruRU","Долина Призрачной Луны",-1
3521,"ruRU","Зангартопь",-1
3522,"ruRU","Острогорье",-1
3523,"ruRU","Пустоверть",-1
3524,"ruRU","Остров Лазурной Дымки",-1
3525,"ruRU","Остров Кровавой Дымки",-1
3526,"ruRU","Долина Аммен",-1
3527,"ruRU","Место Крушения",-1
3528,"ruRU","Серебристое озеро",-1
3529,"ruRU","Совиная чаща",-1
3530,"ruRU","Хребет Теней",-1
3531,"ruRU","Обводной путь",-1
3532,"ruRU","Рассветная улица",-1
3533,"ruRU","Руины Луносвета",-1
3534,"ruRU","Путь Фета",-1
3535,"ruRU","Цитадель Адского Пламени",-1
3536,"ruRU","Траллмар",-1
3537,"ruRU","Борейская тундра",-1
3538,"ruRU","Оплот Чести",-1
3539,"ruRU","Ступени Судьбы",-1
3540,"ruRU","Круговерть Пустоты",-1
3541,"ruRU","Лагерь Легиона: Магеддон",-1
3542,"ruRU","Путь Славы",-1
3543,"ruRU","Глубокий Разлом",-1
3544,"ruRU","Долина Осколков",-1
3545,"ruRU","Цитадель Адского Пламени",-1
3546,"ruRU","Оружейная Экспедиции",-1
3547,"ruRU","Трон Кил'джедена",-1
3548,"ruRU","Лагерь Легиона: Ярость",-1
3549,"ruRU","Точка вторжения: Аннигилятор",-1
3550,"ruRU","Руины Боруна",-1
3551,"ruRU","Руины Ша'наара",-1
3552,"ruRU","Храм Телхамата",-1
3553,"ruRU","Пруды Аггонара",-1
3554,"ruRU","Соколиный Дозор",-1
3555,"ruRU","Застава маг'харов",-1
3556,"ruRU","Логово Хаал'еш",-1
3557,"ruRU","Экзодар",-1
3558,"ruRU","Водопад Элрендар",-1
3559,"ruRU","Совиные холмы",-1
3560,"ruRU","Поля Аммен",-1
3561,"ruRU","Священная роща",-1
3562,"ruRU","Бастионы Адского Пламени",-1
3563,"ruRU","Цитадель Адского Пламени",-1
3564,"ruRU","Тлеющая поляна",-1
3565,"ruRU","Кенарийский оплот",-1
3566,"ruRU","Прибежище Лунных Крыльев",-1
3567,"ruRU","Отсек Капсулы",-1
3568,"ruRU","Обломки Капсулы",-1
3569,"ruRU","Низина прилива",-1
3570,"ruRU","Руины клана Зловещей Чешуи",-1
3571,"ruRU","Деревня Косолапов",-1
3572,"ruRU","Логово племени Тихвой",-1
3573,"ruRU","Лагерь Одиссия",-1
3574,"ruRU","Причал Валаара",-1
3575,"ruRU","Илистый Берег",-1
3576,"ruRU","Лазурная застава",-1
3577,"ruRU","Лагерь Гизла",-1
3578,"ruRU","Останки Зверинца",-1
3579,"ruRU","Бухта Изменника",-1
3580,"ruRU","Штормовой Пик",-1
3581,"ruRU","Штормовой путь",-1
3582,"ruRU","Зет'Гор",-1
3583,"ruRU","Берилловое побережье",-1
3584,"ruRU","Кровавая застава",-1
3585,"ruRU","Лес Клинков",-1
3586,"ruRU","Энергоблок",-1
3587,"ruRU","Сверхускоритель",-1
3588,"ruRU","Криогенный блок",-1
3589,"ruRU","Кровавый берег",-1
3590,"ruRU","Логово клана Зловещей Чешуи",-1
3591,"ruRU","Развалины Лорет'Арана",-1
3592,"ruRU","Наззивиан",-1
3593,"ruRU","Аксариен",-1
3594,"ruRU","Берег Черного Ила",-1
3595,"ruRU","Смрадный пруд",-1
3596,"ruRU","Подводный риф",-1
3597,"ruRU","Перевал Янтарной Паутины",-1
3598,"ruRU","Остров Драконьей Скорби",-1
3599,"ruRU","Холм Когтя",-1
3600,"ruRU","Анклав Косолапов",-1
3601,"ruRU","Хребет Яростного Пера",-1
3602,"ruRU","Перекресток Кессела",-1
3603,"ruRU","Лагерь Тел'атиона",-1
3604,"ruRU","Заговоренный риф",-1
3605,"ruRU","Прошлое Хиджала",-1
3606,"ruRU","Вершина Хиджала",-1
3607,"ruRU","Змеиное святилище",-1
3608,"ruRU","Привал Защитника",-1
3609,"ruRU","Не используется3",-1
3610,"ruRU","Руины Пылающего Клинка",-1
3611,"ruRU","Клановая Стража",-1
3612,"ruRU","Остров Проклятой Крови",-1
3613,"ruRU","Гарадар",-1
3614,"ruRU","Озеро Небесной Песни",-1
3615,"ruRU","Трон Стихий",-1
3616,"ruRU","Руины Веселого Черепа",-1
3617,"ruRU","Холм Боевого Молота",-1
3618,"ruRU","Логово Груула",-1
3619,"ruRU","Гряда Аурен",-1
3620,"ruRU","Водопад Аурен",-1
3621,"ruRU","Озеро Солнечного Источника",-1
3622,"ruRU","Застава Солнечного Источника",-1
3623,"ruRU","Небесный лагерь",-1
3624,"ruRU","Лагерь Легиона: Страх",-1
3625,"ruRU","Лагерь Легиона: Ненависть",-1
3626,"ruRU","Телаар",-1
3627,"ruRU","Расщелина Северного Ветра",-1
3628,"ruRU","Халаа",-1
3629,"ruRU","Расщелина Южного Ветра",-1
3630,"ruRU","Ошу'гун",-1
3631,"ruRU","Поля Духов",-1
3632,"ruRU","Шаманар",-1
3633,"ruRU","Земли Предков",-1
3634,"ruRU","Деревня Трепещущего Тростника",-1
3635,"ruRU","Не используется2",-1
3636,"ruRU","Плато Стихий",-1
3637,"ruRU","Бастион Вечной Скорби",-1
3638,"ruRU","Круг Испытаний",-1
3639,"ruRU","Остров Серебристой Дымки",-1
3640,"ruRU","Деревня Остротопь",-1
3641,"ruRU","Деревня Тенетопь",-1
3642,"ruRU","Деревня Дикотопь",-1
3643,"ruRU","Анклав Кровавой Чешуи",-1
3644,"ruRU","Телредор",-1
3645,"ruRU","Забра'джин",-1
3646,"ruRU","Гряда Квагг",-1
3647,"ruRU","Грибная поляна",-1
3648,"ruRU","Мертвая трясина",-1
3649,"ruRU","Спореггар",-1
3650,"ruRU","Земли Анго'рош",-1
3651,"ruRU","Крепость Анго'рош",-1
3652,"ruRU","Пещера Грибгор",-1
3653,"ruRU","Змеиное озеро",-1
3654,"ruRU","Проток",-1
3655,"ruRU","Озеро Тенетопь",-1
3656,"ruRU","Озеро Болотных Огоньков",-1
3657,"ruRU","Прогалина с порталом",-1
3658,"ruRU","Озеро Спороветра",-1
3659,"ruRU","Лагуна",-1
3660,"ruRU","Скалистая тропа",-1
3661,"ruRU","Каньон Острого Зуба",-1
3662,"ruRU","Общий зал",-1
3663,"ruRU","Заброшенное поместье",-1
3664,"ruRU","Солнечная Охотница",-1
3665,"ruRU","Площадь Соколиных Крыльев",-1
3666,"ruRU","Котловина Халаани",-1
3667,"ruRU","Болотные вырубки",-1
3668,"ruRU","Руины Боха'му",-1
3669,"ruRU","Ристалище",-1
3670,"ruRU","Дозорное укрепление",-1
3671,"ruRU","Изрезанный холм",-1
3672,"ruRU","Похоронная процессия маг'харов",-1
3673,"ruRU","Охотничий лагерь Эрнестуэя",-1
3674,"ruRU","Перелесок Кенария",-1
3675,"ruRU","Туурем",-1
3676,"ruRU","Гнездовье Шиенор",-1
3677,"ruRU","Гнездовье Скит",-1
3678,"ruRU","Гнездовье Шалас",-1
3679,"ruRU","Скеттис",-1
3680,"ruRU","Долина Черного Ветра",-1
3681,"ruRU","Лагерь Огнекрылов",-1
3682,"ruRU","Деревня Грангол'вар",-1
3683,"ruRU","Форт Камнеломов",-1
3684,"ruRU","Бастион Аллерии",-1
3685,"ruRU","Руины Костеглодов",-1
3686,"ruRU","Гнездовье Литик",-1
3687,"ruRU","Олембас",-1
3688,"ruRU","Аукиндон",-1
3689,"ruRU","Гнездовье Ресск",-1
3690,"ruRU","Озеро Черного Ветра",-1
3691,"ruRU","Озеро Эре'Нору",-1
3692,"ruRU","Озеро Иорун",-1
3693,"ruRU","Горы Скетил",-1
3694,"ruRU","Туманная гряда",-1
3695,"ruRU","Изрезанные холмы",-1
3696,"ruRU","Пограничные холмы",-1
3697,"ruRU","Костяные пустоши",-1
3698,"ruRU","Арена Награнда",-1
3699,"ruRU","Внутренний двор Веселого Черепа",-1
3700,"ruRU","Кольцо Крови",-1
3701,"ruRU","Ринг арены",-1
3702,"ruRU","Арена Острогорья",-1
3703,"ruRU","Шаттрат",-1
3704,"ruRU","Врата Пастыря",-1
3705,"ruRU","Котловина Телаари",-1
3706,"ruRU","Темный портал",-1
3707,"ruRU","База Альянса",-1
3708,"ruRU","Стоянка Орды",-1
3709,"ruRU","Деревня ночных эльфов",-1
3710,"ruRU","Нордрассил",-1
3711,"ruRU","Низина Шолазар",-1
3712,"ruRU","Зона 52",-1
3713,"ruRU","Кузня Крови",-1
3714,"ruRU","Разрушенные залы",-1
3715,"ruRU","Паровое подземелье",-1
3716,"ruRU","Нижетопь",-1
3717,"ruRU","Узилище",-1
3718,"ruRU","Застава Болотной Крысы",-1
3719,"ruRU","Руины Кровавой Глазницы",-1
3720,"ruRU","Руины Двух Башен",-1
3721,"ruRU","Гиблый пустырь",-1
3722,"ruRU","Манагорн Ара",-1
3723,"ruRU","Руины Арклон",-1
3724,"ruRU","Космоворот",-1
3725,"ruRU","Руины Энкаата",-1
3726,"ruRU","Манагорн Б'Наар",-1
3727,"ruRU","Захламленное поле",-1
3728,"ruRU","Вихревые поля",-1
3729,"ruRU","Груда",-1
3730,"ruRU","Манагорн Коруу",-1
3731,"ruRU","Пояс Бурь",-1
3732,"ruRU","Деревня Кирин'Вар",-1
3733,"ruRU","Аметистовая башня",-1
3734,"ruRU","Манагорн Даро",-1
3735,"ruRU","Плато Пустынного Ветра",-1
3736,"ruRU","Манагорн Ультрис",-1
3737,"ruRU","Небесная гряда",-1
3738,"ruRU","Штормовая Вершина",-1
3739,"ruRU","База Легиона: Забвение",-1
3740,"ruRU","База Легиона: Геенна",-1
3741,"ruRU","Руины Фаралона",-1
3742,"ruRU","Трон Сокретара",-1
3743,"ruRU","Форт Легиона",-1
3744,"ruRU","Деревня Призрачной Луны",-1
3745,"ruRU","Цитадель Громового Молота",-1
3746,"ruRU","Рука Гул'дана",-1
3747,"ruRU","Ямы Скверны",-1
3748,"ruRU","Кузница Смерти",-1
3749,"ruRU","Водохранилище Змеиных Колец",-1
3750,"ruRU","Лагерь Змеиных Колец",-1
3751,"ruRU","Пик Солнечного Пламени",-1
3752,"ruRU","Аванпост Иллидари",-1
3753,"ruRU","Руины Баа'ри",-1
3754,"ruRU","Алтарь Ша'тар",-1
3755,"ruRU","Ступени Фатума",-1
3756,"ruRU","Руины Карабора",-1
3757,"ruRU","Терраса Ата'мала",-1
3758,"ruRU","Поля Крыльев Пустоты",-1
3759,"ruRU","Кряж Крыльев Пустоты",-1
3760,"ruRU","Пограничные холмы",-1
3761,"ruRU","Верхний путь",-1
3762,"ruRU","Перевал Трепещущего Тростника",-1
3763,"ruRU","Гряда Зангара",-1
3764,"ruRU","Сумеречная гряда",-1
3765,"ruRU","Дорога Острого Шипа",-1
3766,"ruRU","Прибежище Оребор",-1
3767,"ruRU","Скалистая тропа",-1
3768,"ruRU","Зазубренная гряда",-1
3769,"ruRU","Оплот Громоборцев",-1
3770,"ruRU","Каньон Острого Зуба",-1
3771,"ruRU","Живая роща",-1
3772,"ruRU","Сильванаар",-1
3773,"ruRU","Форт Камнерогов",-1
3774,"ruRU","Логово Груула",-1
3775,"ruRU","Круг Крови",-1
3776,"ruRU","Застава Кровавого Молота",-1
3777,"ruRU","Лагерь Кровавого Молота",-1
3778,"ruRU","Дренетистовые копи",-1
3779,"ruRU","Участок Трогмы",-1
3780,"ruRU","Пещера Крыла Тьмы",-1
3781,"ruRU","Гришнат",-1
3782,"ruRU","Гнездовье Лашш",-1
3783,"ruRU","Гнездовье Векх",-1
3784,"ruRU","Лагерь Легиона: Ужас",-1
3785,"ruRU","Лагерь Легиона: Гнев",-1
3786,"ruRU","Огри'ла",-1
3787,"ruRU","Лагерь Легиона: Злоба",-1
3788,"ruRU","Нижний путь",-1
3789,"ruRU","Темный лабиринт",-1
3790,"ruRU","Аукенайские гробницы",-1
3791,"ruRU","Сетеккские залы",-1
3792,"ruRU","Гробницы Маны",-1
3793,"ruRU","Лощина Вспышки Скверны",-1
3794,"ruRU","Долина Костей",-1
3795,"ruRU","Пустоши Ша'наари",-1
3796,"ruRU","Искривленные поля",-1
3797,"ruRU","Гряда Упавшего Неба",-1
3798,"ruRU","Теснина Хаал'еши",-1
3799,"ruRU","Каньон Каменной Стены",-1
3800,"ruRU","Холм Колючего Клыка",-1
3801,"ruRU","Земли маг'харов",-1
3802,"ruRU","Пустынный обрыв",-1
3803,"ruRU","Косогор Бездны",-1
3804,"ruRU","Передовая Легиона",-1
3805,"ruRU","Зул'Аман",-1
3806,"ruRU","Караван",-1
3807,"ruRU","Гибель Сквернобота",-1
3808,"ruRU","Кенарийская застава",-1
3809,"ruRU","Южный бастион",-1
3810,"ruRU","Северный бастион",-1
3811,"ruRU","Форт Гор'газ",-1
3812,"ruRU","Застава Хребтолома",-1
3813,"ruRU","Путь Страданий",-1
3814,"ruRU","Восточный караван",-1
3815,"ruRU","Лагерь экспедиции",-1
3816,"ruRU","Место крушения дирижабля",-1
3817,"ruRU","Тестирование",-1
3818,"ruRU","Земли Кровавой Чешуи",-1
3819,"ruRU","Анклав Темного Гребня",-1
3820,"ruRU","Око Бури",-1
3821,"ruRU","Клеть Стражницы",-1
3822,"ruRU","Лагерь Затмения",-1
3823,"ruRU","Остров Напастей",-1
3824,"ruRU","Лощина Кровавого Молота",-1
3825,"ruRU","Драконья Пагуба",-1
3826,"ruRU","Каньон Кинжальной Пасти",-1
3827,"ruRU","Перелесок Векхаар",-1
3828,"ruRU","Чащоба Рууан",-1
3829,"ruRU","Гнездовье Рууан",-1
3830,"ruRU","Лес Ворона",-1
3831,"ruRU","Врата Смерти",-1
3832,"ruRU","Нагорье Смерчей",-1
3833,"ruRU","Островерхий гребень",-1
3834,"ruRU","Гряда Безумия",-1
3835,"ruRU","Лощина Пыльного Пера",-1
3836,"ruRU","Логово Магтеридона",-1
3837,"ruRU","Форт Ярости Солнца",-1
3838,"ruRU","Горы Хребтолома",-1
3839,"ruRU","Заброшенная оружейня",-1
3840,"ruRU","Черный храм",-1
3841,"ruRU","Побережье Темного Гребня",-1
3842,"ruRU","Крепость Бурь",-1
3844,"ruRU","Деревня Мок'Натал",-1
3845,"ruRU","Крепость Бурь",-1
3846,"ruRU","Аркатрац",-1
3847,"ruRU","Ботаника",-1
3848,"ruRU","Аркатрац",-1
3849,"ruRU","Механар",-1
3850,"ruRU","Осколки Пустоты",-1
3851,"ruRU","Застава срединных земель",-1
3852,"ruRU","Лагерь Тулумана",-1
3854,"ruRU","Застава Стражей Протектората",-1
3855,"ruRU","Арена в Круге Крови",-1
3856,"ruRU","Перекресток Элрендар",-1
3857,"ruRU","Переправа Аммен",-1
3858,"ruRU","Обрыв Острого Шипа",-1
3859,"ruRU","Озеро Силмир",-1
3860,"ruRU","Прогалина Раасток",-1
3861,"ruRU","Талассийский перевал",-1
3862,"ruRU","Беспокойная лощина",-1
3863,"ruRU","Скалистые пустоши",-1
3864,"ruRU","Лагерь Баш'ира",-1
3865,"ruRU","Хрустальное поле",-1
3866,"ruRU","Гарь",-1
3867,"ruRU","Лощина Клинков",-1
3868,"ruRU","Гиро-балочный мост",-1
3869,"ruRU","Башня Магов",-1
3870,"ruRU","Башня Эльфов Крови",-1
3871,"ruRU","Дренейские руины",-1
3872,"ruRU","Обломки Сквернобота",-1
3873,"ruRU","Испытательный полигон",-1
3874,"ruRU","Заповедник ""Дальнее поле""",-1
3875,"ruRU","Заповедник ""Высь""",-1
3876,"ruRU","Заповедник ""Сатерон""",-1
3877,"ruRU","Заповедник ""Срединные земли""",-1
3878,"ruRU","Испытательный полигон Эфириума",-1
3879,"ruRU","Церковный двор",-1
3880,"ruRU","Вход в шахту Зеон",-1
3881,"ruRU","Рудник Треллеума",-1
3882,"ruRU","Точка вторжения: Разрушение",-1
3883,"ruRU","Лагерь Бума",-1
3884,"ruRU","Перевал Хребтолома",-1
3885,"ruRU","Гряда Пустопутов",-1
3886,"ruRU","Брошенный Караван",-1
3887,"ruRU","Караван Беженцев",-1
3888,"ruRU","Гробница Тени",-1
3889,"ruRU","Гнездовье Рейз",-1
3890,"ruRU","Гробница Света",-1
3891,"ruRU","Холм Падальщика",-1
3892,"ruRU","Перекопанный курган",-1
3893,"ruRU","Ритуальный Круг",-1
3894,"ruRU","Аукенайские земли",-1
3895,"ruRU","Кенарийский караульный пост",-1
3896,"ruRU","Возвышенность Алдоров",-1
3897,"ruRU","Терраса Света",-1
3898,"ruRU","Ярус Провидцев",-1
3899,"ruRU","Нижний Город",-1
3900,"ruRU","Точка вторжения: Властитель",-1
3901,"ruRU","Застава Аллерии",-1
3902,"ruRU","Лагерь Камнеломов",-1
3903,"ruRU","Камен'мок",-1
3904,"ruRU","Окаянная лощина",-1
3905,"ruRU","Резервуар Кривого Клыка",-1
3906,"ruRU","Кровавый Прибой",-1
3907,"ruRU","Вершина Веридиан",-1
3908,"ruRU","Прелая долина",-1
3909,"ruRU","Затерянная Падь",-1
3910,"ruRU","Таинственная роща",-1
3911,"ruRU","Безмятежный берег",-1
3912,"ruRU","Тропа Золотой Ветви",-1
3913,"ruRU","Рунический камень Фалитас",-1
3914,"ruRU","Рунический камень Шан'дор",-1
3915,"ruRU","Берег у Крепкого моста",-1
3916,"ruRU","Леса Лунного Оленя",-1
3917,"ruRU","Аукиндон",-1
3918,"ruRU","Станция Тошли",-1
3919,"ruRU","Звенящий гребень",-1
3920,"ruRU","Парящая застава",-1
3921,"ruRU","Гряда Арклонис",-1
3922,"ruRU","Застава Камнерогов",-1
3923,"ruRU","Логово Груула",-1
3924,"ruRU","Башня Северного Молота",-1
3925,"ruRU","Башня Южного Молота",-1
3926,"ruRU","Разоренные равнины",-1
3927,"ruRU","Ферма Оронока",-1
3928,"ruRU","Алтарь Проклятия",-1
3929,"ruRU","Путь Завоевания",-1
3930,"ruRU","Поля Затмения",-1
3931,"ruRU","Земли Камнерогов",-1
3932,"ruRU","Лагерь Скет'лона",-1
3933,"ruRU","Развалины Скет'лона",-1
3934,"ruRU","Городская площадь",-1
3935,"ruRU","Путь Волшебника",-1
3936,"ruRU","Башня Кузницы Смерти",-1
3937,"ruRU","Вышка на золе",-1
3938,"ruRU","Святилище Звезд",-1
3939,"ruRU","Крепость Драконьей Пасти",-1
3940,"ruRU","Зловонный пруд",-1
3941,"ruRU","Тест",-1
3942,"ruRU","Лагерь Разаана",-1
3943,"ruRU","Точка вторжения: Катаклизм",-1
3944,"ruRU","Алтарь Теней",-1
3945,"ruRU","Перевал Крыльев Пустоты",-1
3946,"ruRU","Приют Уэйна",-1
3947,"ruRU","Жгучие пруды",-1
3948,"ruRU","Тест Брайана и Пата",-1
3949,"ruRU","Магмовые поля",-1
3950,"ruRU","Кровавый Дозор",-1
3951,"ruRU","Вечная роща",-1
3952,"ruRU","Мост Драконьего Черепа",-1
3953,"ruRU","Склон Чешуекрылых",-1
3954,"ruRU","Туннель Драконьего Черепа",-1
3955,"ruRU","Яма Адского Пламени",-1
3956,"ruRU","Лестница Теней",-1
3957,"ruRU","Застава Ша'тар",-1
3958,"ruRU","Лагерь Ша'тар",-1
3959,"ruRU","Черный храм",-1
3960,"ruRU","Холм Разрушителя Душ",-1
3961,"ruRU","Вершина Крыльев Скорби",-1
3962,"ruRU","Круг Вим'гола",-1
3963,"ruRU","Драконий хребет",-1
3964,"ruRU","Застава Стражи Небес",-1
3965,"ruRU","Копи Крыльев Пустоты",-1
3966,"ruRU","Лагерь Драконьей Пасти",-1
3967,"ruRU","Заоблачная тропа Драконьей Пасти",-1
3968,"ruRU","Руины Лордерона",-1
3969,"ruRU","Гнездо Чернокрыла",-1
3970,"ruRU","Гнездо Обсидии",-1
3971,"ruRU","Гнездо Инсидиона",-1
3972,"ruRU","Гнездовье Ярокрыла",-1
3973,"ruRU","Лагерь Черного Ветра",-1
3974,"ruRU","Гнездовье Харр'ик",-1
3975,"ruRU","Покой Терокка",-1
3976,"ruRU","Гнездовье Ала'рак",-1
3977,"ruRU","Верхнее гнездовье Шил'ак",-1
3978,"ruRU","Нижнее гнездовье Шил'ак",-1
3979,"ruRU","Ледяное море",-1
3980,"ruRU","Бухта Кинжалов",-1
3981,"ruRU","Валгард",-1
3982,"ruRU","Деревня Драконьего Черепа",-1
3983,"ruRU","Крепость Утгард",-1
3984,"ruRU","Ниффлвар",-1
3985,"ruRU","Водопады Имирона",-1
3986,"ruRU","Край Эха",-1
3987,"ruRU","Остров Копий",-1
3988,"ruRU","Камагуа",-1
3989,"ruRU","Риф Гарвана",-1
3990,"ruRU","Лагерь Скалаваг",-1
3991,"ruRU","Новый Агамонд",-1
3992,"ruRU","Древний подъемник",-1
3993,"ruRU","Башня Западной Стражи",-1
3994,"ruRU","Халгринд",-1
3995,"ruRU","Веселая стоянка",-1
3996,"ruRU","Раскопки Бейлгуна",-1
3997,"ruRU","Лагерь Лиги Исследователей",-1
3998,"ruRU","Крепость Западной Стражи",-1
3999,"ruRU","Стальные ворота",-1
4000,"ruRU","Лагерь Возмездия",-1
4001,"ruRU","Гибльхейм",-1
4002,"ruRU","Скорн",-1
4003,"ruRU","Крепость Вилдервар",-1
4004,"ruRU","Деревня Жестокой Травли",-1
4005,"ruRU","Руины Ивальда",-1
4006,"ruRU","Гьялерброн",-1
4007,"ruRU","Могила Побежденных Королей",-1
4008,"ruRU","Транспортер Шартуула",-1
4009,"ruRU","Тренировочные площадки Иллидари",-1
4010,"ruRU","Шестермуть",-1
4018,"ruRU","Лагерь Заиндевевшего Копыта",-1
4019,"ruRU","Зона разработчика",-1
4020,"ruRU","Карьер Камня Силы",-1
4021,"ruRU","Равнины Кровавых Спор",-1
4022,"ruRU","Гаммот",-1
4023,"ruRU","Янтарная гряда",-1
4024,"ruRU","Хладарра",-1
4025,"ruRU","Западная расселина",-1
4026,"ruRU","Промежуточная лестница",-1
4027,"ruRU","Берег Эха",-1
4028,"ruRU","Берег Терзающего Бича",-1
4029,"ruRU","Руины Терзающего Бича",-1
4030,"ruRU","Берег истуканов",-1
4031,"ruRU","Пал'иа",-1
4032,"ruRU","Крепость Отваги",-1
4033,"ruRU","Деревня Зимних Плавников",-1
4034,"ruRU","Борейская стена",-1
4035,"ruRU","Поле гейзеров",-1
4036,"ruRU","Насосная станция Выкрутеня",-1
4037,"ruRU","Деревня Таунка'ле",-1
4038,"ruRU","Пещеры Магнамух",-1
4039,"ruRU","Карьер Ледяного Булыжника",-1
4040,"ruRU","Бухта Дыхания Ньорда",-1
4041,"ruRU","Каскала",-1
4042,"ruRU","Трансборея",-1
4043,"ruRU","Затопленные равнины",-1
4046,"ruRU","Застава Дикого Рога",-1
4047,"ruRU","Лагерь Ната",-1
4048,"ruRU","Пылающее Гнездовье",-1
4049,"ruRU","Ферма Табеты",-1
4050,"ruRU","Обнажившееся дно",-1
4051,"ruRU","Заиндевевшая поляна",-1
4052,"ruRU","Светлая поляна",-1
4053,"ruRU","Холмистая поляна",-1
4054,"ruRU","Вырубки",-1
4055,"ruRU","Озеро Холдомир",-1
4056,"ruRU","Катакомбы Утгард",-1
4057,"ruRU","Заградительный холм",-1
4058,"ruRU","Озеро Колдрос",-1
4059,"ruRU","Остров Колдрос",-1
4060,"ruRU","Кровоточащая долина",-1
4061,"ruRU","Тропа Великанов",-1
4062,"ruRU","Аптекарский поселок",-1
4063,"ruRU","Тлеющая башня",-1
4064,"ruRU","Пролив Кораблекрушений",-1
4065,"ruRU","Гьялерхорн",-1
4066,"ruRU","Вершина Ледяного Клинка",-1
4067,"ruRU","Башня Проклятого леса",-1
4068,"ruRU","Западная башня",-1
4069,"ruRU","Северная башня",-1
4070,"ruRU","Берег Стылой Межи",-1
4071,"ruRU","Шепчущая теснина",-1
4072,"ruRU","Sub zone",-1
4073,"ruRU","Зимняя терраса",-1
4074,"ruRU","Чертоги Пробуждения",-1
4075,"ruRU","Плато Солнечного Колодца",-1
4076,"ruRU","Используй меня повторно 7",-1
4077,"ruRU","Берег Сорлофа",-1
4078,"ruRU","Уступ Острого Шипа",-1
4079,"ruRU","Перевал Ледяного Клинка",-1
4080,"ruRU","Остров Кель'Данас",-1
4081,"ruRU","Рассветный Охотник",-1
4082,"ruRU","Син'лорен",-1
4083,"ruRU","Гордость Луносвета",-1
4084,"ruRU","Кровавая Клятва",-1
4085,"ruRU","Подготовительный плацдарм Расколотого Солнца",-1
4086,"ruRU","Святилище Солнечного Края",-1
4087,"ruRU","Гавань Солнечного Края",-1
4088,"ruRU","Оружейная Солнечного Края",-1
4089,"ruRU","Деревня Утренней Звезды",-1
4090,"ruRU","Рассветная площадь",-1
4091,"ruRU","Залив Зеленожабрых",-1
4092,"ruRU","Тропа Мертвых",-1
4093,"ruRU","Кузня Солнца",-1
4094,"ruRU","Плато Солнечного Колодца",-1
4095,"ruRU","Терраса Магистров",-1
4096,"ruRU","Clayton's WoWEdit Land",-1
4097,"ruRU","Пещеры Зимних Плавников",-1
4098,"ruRU","Мерцающая бухта",-1
4099,"ruRU","Приют Зимних Плавников",-1
4100,"ruRU","Очищение Стратхольма",-1
4101,"ruRU","Пески Назама",-1
4102,"ruRU","Лагерь Крома",-1
4103,"ruRU","Коготь Назама",-1
4104,"ruRU","Бухта Эха",-1
4105,"ruRU","Берилловый лагерь",-1
4106,"ruRU","Лагерь Гарроша",-1
4107,"ruRU","Пристань Песни Войны",-1
4108,"ruRU","Взлетная полоса Выкрутеня",-1
4109,"ruRU","Озеро Кум'уа",-1
4110,"ruRU","Поля Далечья",-1
4111,"ruRU","Далечье",-1
4112,"ruRU","Маяк Далечья",-1
4113,"ruRU","Уну'пе",-1
4114,"ruRU","Стоянка Смерти",-1
4115,"ruRU","Покинутый предел",-1
4116,"ruRU","Жгучие пруды",-1
4117,"ruRU","Кипящие Источники",-1
4118,"ruRU","Талрамас",-1
4119,"ruRU","Гнойные пруды",-1
4120,"ruRU","Нексус",-1
4121,"ruRU","Маскировочный щит",-1
4122,"ruRU","Застава Бор'горока",-1
4123,"ruRU","Магмот",-1
4124,"ruRU","Кельи Смерти",-1
4125,"ruRU","Храмовый город Эн'кила",-1
4126,"ruRU","Стонущий зиккурат",-1
4127,"ruRU","Караван Стальной Челюсти",-1
4128,"ruRU","Наксанар",-1
4129,"ruRU","Крепость Песни Войны",-1
4130,"ruRU","Равнины Назама",-1
4131,"ruRU","Терраса Магистров",-1
4132,"ruRU","Руины Элдра'ната",-1
4133,"ruRU","Обугленная вершина",-1
4134,"ruRU","Кипящий пруд",-1
4135,"ruRU","Шпиль Крови",-1
4136,"ruRU","Шпиль Порчи",-1
4137,"ruRU","Шпиль Боли",-1
4138,"ruRU","Студеный предел",-1
4139,"ruRU","Площадь Паргелия",-1
4140,"ruRU","Тропа Мертвых",-1
4141,"ruRU","Ферма Торпа",-1
4142,"ruRU","Амбар Песни Войны",-1
4143,"ruRU","Скотобойня Песни Войны",-1
4144,"ruRU","Застава у ферм Песни войны",-1
4145,"ruRU","Западная станция",-1
4146,"ruRU","Северная станция",-1
4147,"ruRU","Центральная станция",-1
4148,"ruRU","Южная станция",-1
4149,"ruRU","Лагерь Д.Э.Г.О.Ж.",-1
4150,"ruRU","Гнездо Кау",-1
4151,"ruRU","Лагерь беженцев Западного Ветра",-1
4152,"ruRU","Гавань Моа'ки",-1
4153,"ruRU","Деревня Инду'ле",-1
4154,"ruRU","Поляна Снегопада",-1
4155,"ruRU","Половина Оболочки",-1
4156,"ruRU","Волноловы",-1
4157,"ruRU","Сады Лунного Покоя",-1
4158,"ruRU","Покой Звезд",-1
4159,"ruRU","Лагерь дружины Западного Края",-1
4160,"ruRU","Лоталорское редколесье",-1
4161,"ruRU","Храм Драконьего Покоя",-1
4162,"ruRU","Водопады Ледяной Пыли",-1
4163,"ruRU","Деревня Ледяной Пыли",-1
4164,"ruRU","Провал Наржуна",-1
4165,"ruRU","Молот Агмара",-1
4166,"ruRU","Озеро Инду'ле",-1
4167,"ruRU","Обсидиановое святилище драконов",-1
4168,"ruRU","Рубиновое святилище драконов",-1
4169,"ruRU","Крепость Фордрагона",-1
4170,"ruRU","Отряд кор'крона",-1
4171,"ruRU","Двор Черепов",-1
4172,"ruRU","Ангратар, Врата Гнева",-1
4173,"ruRU","Покой Галакронда",-1
4174,"ruRU","Пагубный Серпантин",-1
4175,"ruRU","Бронзовое святилище драконов",-1
4176,"ruRU","Зеркало Рассвета",-1
4177,"ruRU","Крепость Стражей Зимы",-1
4178,"ruRU","Рудник Стражей Зимы",-1
4179,"ruRU","Изумрудное святилище драконов",-1
4180,"ruRU","Новый Дольный Очаг",-1
4181,"ruRU","Стоянка рыцарей",-1
4182,"ruRU","Глупость Грешника",-1
4183,"ruRU","Лазуритовое святилище драконов",-1
4184,"ruRU","Путь Титанов",-1
4185,"ruRU","Забытое взморье",-1
4186,"ruRU","Ядозлобь",-1
4187,"ruRU","Ущелье порочных кристаллов",-1
4188,"ruRU","Поля Падальщиков",-1
4189,"ruRU","Лагерь Алого Натиска",-1
4190,"ruRU","Застава Торсона",-1
4191,"ruRU","Опора Света",-1
4192,"ruRU","Пещера Ледяной Скорби",-1
4193,"ruRU","Застава Алого ордена",-1
4194,"ruRU","Джинта'калар",-1
4195,"ruRU","Пещера Ледяного Сердца",-1
4196,"ruRU","Крепость Драк'Тарон",-1
4197,"ruRU","Озеро Ледяных Оков",-1
4198,"ruRU","Атолл Кили'уа",-1
4199,"ruRU","Среброречье",-1
4200,"ruRU","Сердце Фордрассила",-1
4201,"ruRU","Слезы Фордрассила",-1
4202,"ruRU","Слезы Фордрассила",-1
4203,"ruRU","Ветви Фордрассила",-1
4204,"ruRU","Приют Янтарной Сосны",-1
4205,"ruRU","Деревня Солнцестояния",-1
4206,"ruRU","Крепость Завоевателей",-1
4207,"ruRU","Волдрун",-1
4208,"ruRU","Гранитные ключи",-1
4209,"ruRU","Зеб'Халак",-1
4210,"ruRU","Крепость Драк'Тарон",-1
4211,"ruRU","Лагерь Уанква",-1
4212,"ruRU","Побережье Восточного Ветра",-1
4213,"ruRU","Изрезанные утесы",-1
4214,"ruRU","Каменистые холмы",-1
4215,"ruRU","Святилище Красного Клыка",-1
4216,"ruRU","Руины Дракил'джин",-1
4217,"ruRU","Лесопилка Черноречья",-1
4218,"ruRU","Святилище Кровавого Сердца",-1
4219,"ruRU","Рудник Полого Камня",-1
4220,"ruRU","Дун Аргол",-1
4221,"ruRU","Тор Модан",-1
4222,"ruRU","Лесозаготовки Синего Неба",-1
4223,"ruRU","Пасть Нелтариона",-1
4224,"ruRU","Соленая вершина",-1
4225,"ruRU","Сверкающее взморье",-1
4226,"ruRU","Искаал",-1
4227,"ruRU","Драконья погибель",-1
4228,"ruRU","Окулус",-1
4229,"ruRU","Лагерь горняков",-1
4230,"ruRU","Морозные выси",-1
4231,"ruRU","Торговая лавка Красного леса",-1
4232,"ruRU","Перевал Возмездия",-1
4233,"ruRU","Рассветный край",-1
4234,"ruRU","Наксрамас",-1
4235,"ruRU","Торговая лавка Чащи Леса",-1
4236,"ruRU","Торговая лавка Вечнозеленого леса",-1
4237,"ruRU","Застава еловой макушки",-1
4238,"ruRU","Торговая лавка Белой Сосны",-1
4239,"ruRU","Застава Тополиной рощи",-1
4240,"ruRU","Застава на опушке",-1
4241,"ruRU","Зловещая возвышенность",-1
4242,"ruRU","Бухта торговцев",-1
4243,"ruRU","Склеп Стражей Зимы",-1
4244,"ruRU","Остров Кровавой Луны",-1
4245,"ruRU","Башня Темного Клыка",-1
4246,"ruRU","Усыпальница Стражей Зимы",-1
4247,"ruRU","Логово Ночного Воя",-1
4248,"ruRU","Бойцовская яма",-1
4249,"ruRU","Путь Железа",-1
4250,"ruRU","Руины Тетиса",-1
4251,"ruRU","Холмы Среброречья",-1
4252,"ruRU","Изрезанные утесы",-1
4253,"ruRU","Передовая 7-го легиона",-1
4254,"ruRU","Драконьи пустоши",-1
4255,"ruRU","Руины Драк'Зина",-1
4256,"ruRU","Озеро Драк'Мар",-1
4257,"ruRU","Кладовая Драконьего Хребта",-1
4258,"ruRU","Северное море",-1
4259,"ruRU","Драк'урал",-1
4260,"ruRU","Лагерь Торвальда",-1
4261,"ruRU","Застава Призрачного Клинка",-1
4262,"ruRU","Ясеневая застава",-1
4263,"ruRU","Засада Лиделла",-1
4264,"ruRU","Чертоги Камня",-1
4265,"ruRU","Нексус",-1
4266,"ruRU","Лагерь Харкора",-1
4267,"ruRU","Перевал Фордрассил",-1
4268,"ruRU","Лагерь Рууны",-1
4269,"ruRU","Святилище Чешуи",-1
4270,"ruRU","Перевал Драк'атала",-1
4271,"ruRU","Вершина Утгард",-1
4272,"ruRU","Чертоги Молний",-1
4273,"ruRU","Ульдуар",-1
4275,"ruRU","Серебряная застава",-1
4276,"ruRU","Алтарь Шшератуса",-1
4277,"ruRU","Азжол-Неруб",-1
4278,"ruRU","Поля Драк'Сотры",-1
4279,"ruRU","Драк'Сотра",-1
4280,"ruRU","Драк'Агал",-1
4281,"ruRU","Акерус: Черный оплот",-1
4282,"ruRU","Застывшая лавина",-1
4283,"ruRU","Затерянные земли",-1
4284,"ruRU","Лагерь Эрнестуэя",-1
4285,"ruRU","Разлом Морского Потока",-1
4286,"ruRU","Скелет Нозронна",-1
4287,"ruRU","Форт Картака",-1
4288,"ruRU","Заиндевелая гавань",-1
4289,"ruRU","Путь Хранителя Жизни",-1
4290,"ruRU","Слияние рек",-1
4291,"ruRU","Прибежище Гласа Дождя",-1
4292,"ruRU","Холм Бешеного Сердца",-1
4293,"ruRU","Дикие мангровые заросли",-1
4294,"ruRU","Хеб'Валок",-1
4295,"ruRU","Одинокий осколок",-1
4296,"ruRU","Колонна Жизненной Силы",-1
4297,"ruRU","Деревня Мохобродов",-1
4298,"ruRU","Чумные земли: Анклав Алого ордена",-1
4299,"ruRU","Колрамас",-1
4300,"ruRU","Связующая спираль",-1
4302,"ruRU","Колонна Небесного Пути",-1
4303,"ruRU","Зачистка барабанчей",-1
4304,"ruRU","Сапфирный улей",-1
4306,"ruRU","Убежище Шепота Тумана",-1
4307,"ruRU","Мерцающая колонна",-1
4308,"ruRU","Лагерь Копьеносца",-1
4309,"ruRU","Крепость Драк'Тарон",-1
4310,"ruRU","Зерамас",-1
4311,"ruRU","Реликварий Агонии",-1
4312,"ruRU","Черная застава",-1
4313,"ruRU","Тупик Трыма",-1
4314,"ruRU","Волтар",-1
4315,"ruRU","Реликварий Боли",-1
4316,"ruRU","Логово Яростного Когтя",-1
4317,"ruRU","Разлом Света",-1
4318,"ruRU","Озера Жа'Джина",-1
4319,"ruRU","Зим'Абва",-1
4320,"ruRU","Амфитеатр Страданий",-1
4321,"ruRU","Алтарь Рунока",-1
4322,"ruRU","Алтарь Хар'коа",-1
4323,"ruRU","Зим'Торга",-1
4324,"ruRU","Бассейн Джин'Алаи",-1
4325,"ruRU","Алтарь Кетц'лун",-1
4326,"ruRU","Хеб'Драккар",-1
4327,"ruRU","Драк'Мабва",-1
4328,"ruRU","Зим'Рук",-1
4329,"ruRU","Алтарь Мам'Тота",-1
4342,"ruRU","Акерус: Черный оплот",-1
4343,"ruRU","Новый Авалон",-1
4344,"ruRU","Поля Нового Авалона",-1
4345,"ruRU","Сад Нового Авалона",-1
4346,"ruRU","Ратуша Нового Авалона",-1
4347,"ruRU","Тихоземье",-1
4348,"ruRU","Тихоземские фермы",-1
4349,"ruRU","Тихоземская лесопилка",-1
4350,"ruRU","Тихоземские стойла",-1
4351,"ruRU","Крепость Алого ордена",-1
4352,"ruRU","Часовня Багрового Пламени",-1
4353,"ruRU","Башня Заставы Света",-1
4354,"ruRU","Застава Света",-1
4355,"ruRU","Склеп Воспоминаний",-1
4356,"ruRU","Разлом Смерти",-1
4357,"ruRU","Ядовитая поляна",-1
4358,"ruRU","Длань Тира",-1
4359,"ruRU","Королевская гавань",-1
4360,"ruRU","Дозорное укрепление Алого ордена",-1
4361,"ruRU","Часовня Последней Надежды",-1
4362,"ruRU","Глупость Грешника",-1
4363,"ruRU","Моровой овраг",-1
4364,"ruRU","Лесопилка Бровача",-1
4365,"ruRU","Тихоземская шахта",-1
4366,"ruRU","Логово Урсока",-1
4367,"ruRU","Увядшая поляна",-1
4368,"ruRU","Поля Костей",-1
4369,"ruRU","Форпост Дориана",-1
4371,"ruRU","Кратер Мам'Тота",-1
4372,"ruRU","Крепость Зол'Маз",-1
4373,"ruRU","Зол'Хеб",-1
4374,"ruRU","Озеро Яростного Когтя",-1
4375,"ruRU","Гундрак",-1
4376,"ruRU","Дикая чаща",-1
4377,"ruRU","Кузня Нового Авалона",-1
4378,"ruRU","Арена Даларана",-1
4379,"ruRU","Валгард",-1
4380,"ruRU","Таверна Западной Стражи",-1
4381,"ruRU","Связующая спираль",-1
4382,"ruRU","Терраса Создателя",-1
4383,"ruRU","Лагерь у озера",-1
4384,"ruRU","Берег Древних",-1
4385,"ruRU","Озеро Горьких Волн",-1
4386,"ruRU","Водопады Гласа Дождя",-1
4387,"ruRU","Река Бешеного Сердца",-1
4388,"ruRU","Река Ледяных Оков",-1
4389,"ruRU","Колонна Солнечного Благословения",-1
4390,"ruRU","Хладный разлом",-1
4391,"ruRU","Раскоп Хитрохмыла",-1
4392,"ruRU","Уступ Ваятеля Бурь",-1
4393,"ruRU","Лагерь Руки Смерти",-1
4394,"ruRU","Таверна Алого ордена",-1
4395,"ruRU","Даларан",-1
4396,"ruRU","Лагерь Соплозабилось",-1
4399,"ruRU","Шахта Далечья",-1
4400,"ruRU","Колонна Мохосвета",-1
4401,"ruRU","Лагерь Сарагосы",-1
4402,"ruRU","Подъемник лагеря Возмездия",-1
4403,"ruRU","Застава Баледжара",-1
4404,"ruRU","Таверна Нового Агамонда",-1
4405,"ruRU","Перевал Заблудившихся Злодеев",-1
4406,"ruRU","Арена Доблести",-1
4407,"ruRU","Зал Северного Волка",-1
4408,"ruRU","Зал Грозовой Вершины",-1
4411,"ruRU","Порт Штормграда",-1
4412,"ruRU","Дозор Творцов",-1
4413,"ruRU","Обитель Творцов",-1
4414,"ruRU","Алая башня",-1
4415,"ruRU","Аметистовая крепость",-1
4416,"ruRU","Гундрак",-1
4417,"ruRU","Гавань Натиска",-1
4418,"ruRU","К-3",-1
4419,"ruRU","Холмы Снежной Слепоты",-1
4420,"ruRU","Терраса Снежной Слепоты",-1
4421,"ruRU","Гарм",-1
4422,"ruRU","Деревня Бруннхильдар",-1
4423,"ruRU","Деревня Сифрельдар",-1
4424,"ruRU","Валькирион",-1
4425,"ruRU","Заброшенный рудник",-1
4426,"ruRU","Река Дыхания Бора",-1
4427,"ruRU","Оплот Серебряного Авангарда",-1
4428,"ruRU","Ледяная крепость",-1
4429,"ruRU","Место крушения Гром'арша",-1
4430,"ruRU","Храм Штормов",-1
4431,"ruRU","Машина Творцов",-1
4432,"ruRU","Подножие",-1
4433,"ruRU","Драконьи пики",-1
4434,"ruRU","Нидавелир",-1
4435,"ruRU","Колыбель Нарвира",-1
4436,"ruRU","Снежные равнины",-1
4437,"ruRU","Долина Древних Зим",-1
4438,"ruRU","Дун Ниффелем",-1
4439,"ruRU","Промерзшее озеро",-1
4440,"ruRU","Громовержье",-1
4441,"ruRU","Лагерь Тунка’ло",-1
4442,"ruRU","Базовый лагерь Бранна",-1
4443,"ruRU","Врата эха",-1
4444,"ruRU","Равнина эха",-1
4445,"ruRU","Ульдуар",-1
4446,"ruRU","Терраса Творцов",-1
4447,"ruRU","Врата молнии",-1
4448,"ruRU","Путь Титанов",-1
4449,"ruRU","Ульдис",-1
4450,"ruRU","Сделка Локена",-1
4451,"ruRU","Водопад Бора",-1
4452,"ruRU","Дыхание Бора",-1
4453,"ruRU","Рохемдальский проход",-1
4454,"ruRU","Плавильня штормов",-1
4455,"ruRU","Пещера зимней спячки",-1
4456,"ruRU","Поселение Волдрун",-1
4457,"ruRU","Покой Торсега",-1
4458,"ruRU","Минное поле Свечекрута",-1
4459,"ruRU","Просторы Рикет",-1
4460,"ruRU","Побоище Гарма",-1
4461,"ruRU","Подъем Гарма",-1
4462,"ruRU","Пещера Хрустальной Паутины",-1
4463,"ruRU","Храм жизни",-1
4464,"ruRU","Храм Порядка",-1
4465,"ruRU","Храм Зимы",-1
4466,"ruRU","Храм Изобретений",-1
4467,"ruRU","Уступ Смерти",-1
4468,"ruRU","Мертвые поля",-1
4469,"ruRU","Погибель Даргата",-1
4470,"ruRU","Скрытая низина",-1
4471,"ruRU","Страна веселья Берно",-1
4472,"ruRU","Лощина Ледохвата",-1
4473,"ruRU","Стылый склеп",-1
4474,"ruRU","Два берега",-1
4475,"ruRU","Убежище Зим'бо",-1
4476,"ruRU","Заброшенный лагерь",-1
4477,"ruRU","Мрачный Свод",-1
4478,"ruRU","Перевал Холодного Ветра",-1
4479,"ruRU","Озеро Дыхания Зимы",-1
4480,"ruRU","Забытая высота",-1
4481,"ruRU","Джинта'каларский проход",-1
4482,"ruRU","Мост Аррига",-1
4483,"ruRU","Забытый проход",-1
4484,"ruRU","Приют Глыбоскала",-1
4485,"ruRU","Библиотека Изобретателя",-1
4486,"ruRU","Застывшая шахта",-1
4487,"ruRU","Ледяные глубины",-1
4488,"ruRU","Стенающая ложбина",-1
4489,"ruRU","Передовой лагерь рыцарей",-1
4490,"ruRU","Грозовесье",-1
4491,"ruRU","Лагерь Костехвата",-1
4492,"ruRU","Зал Уфранга",-1
4493,"ruRU","Обсидиановое святилище",-1
4494,"ruRU","Ан'кахет: Старое Королевство",-1
4495,"ruRU","Наковальня Фьорна",-1
4496,"ruRU","Йотунхейм",-1
4497,"ruRU","Дикий уступ",-1
4498,"ruRU","Залы Предков",-1
4499,"ruRU","Гнилостный пруд",-1
4500,"ruRU","Око Вечности",-1
4501,"ruRU","Оплот Серебряного Авангарда",-1
4502,"ruRU","Мастерская Мимира",-1
4503,"ruRU","Железная плотина",-1
4504,"ruRU","Долина Эха",-1
4505,"ruRU","Пролом",-1
4506,"ruRU","Плетхольм",-1
4507,"ruRU","Прорванный фронт",-1
4508,"ruRU","Морд'ретар: Врата Смерти",-1
4509,"ruRU","Зона бомбардировки",-1
4510,"ruRU","Алдур'тар: Врата Горя",-1
4511,"ruRU","Усмиритель небес",-1
4512,"ruRU","Молот Оргрима",-1
4513,"ruRU","Имирхейм",-1
4514,"ruRU","Саронитовые шахты",-1
4515,"ruRU","Пожарище",-1
4516,"ruRU","Железный вал",-1
4517,"ruRU","Саронитовый карьер",-1
4518,"ruRU","Корп'ретар: Врата Ужаса",-1
4519,"ruRU","Двор Костей",-1
4520,"ruRU","Маликрисс: Зловещая Крепость",-1
4521,"ruRU","Собор Тьмы",-1
4522,"ruRU","Цитадель Ледяной Короны",-1
4523,"ruRU","Ледник ""Ледяная Корона""",-1
4524,"ruRU","Валхалас",-1
4525,"ruRU","Глубинные чертоги",-1
4526,"ruRU","Деревня Ньорндар",-1
4527,"ruRU","Цитадель Балагарда",-1
4528,"ruRU","Крепость Кул'галар",-1
4529,"ruRU","Багровый собор",-1
4530,"ruRU","Святилище воскрешения",-1
4531,"ruRU","Мясопилка",-1
4532,"ruRU","Таверна Лагеря возмездия",-1
4533,"ruRU","Каньон Гибели Синдрагосы",-1
4534,"ruRU","Вилдерварская шахта",-1
4535,"ruRU","Яма Клыка",-1
4536,"ruRU","Пещера Ледяного Воя",-1
4537,"ruRU","Долина Потерянной Надежды",-1
4538,"ruRU","Затопленный Круг",-1
4539,"ruRU","Павший храм",-1
4540,"ruRU","Долина Павших Героев",-1
4541,"ruRU","Лазарет Оплота",-1
4542,"ruRU","Зал Творца",-1
4543,"ruRU","Храм Мудрости",-1
4544,"ruRU","Разлом Смерти",-1
4545,"ruRU","Заброшенная шахта",-1
4546,"ruRU","Руины Анклава Алого ордена",-1
4547,"ruRU","Чертоги Камня",-1
4548,"ruRU","Чертоги Молний",-1
4549,"ruRU","Великое Древо",-1
4550,"ruRU","Зеркало Сумерек",-1
4551,"ruRU","Сумеречный ручей",-1
4552,"ruRU","Замерший поток",-1
4553,"ruRU","Опустевшие леса",-1
4554,"ruRU","Руины Шандарала",-1
4555,"ruRU","Лазурный берег",-1
4556,"ruRU","Аметистовая застава",-1
4557,"ruRU","Дикая чаща",-1
4558,"ruRU","Лагерь Похитителя Солнца",-1
4559,"ruRU","Дозор Ветрокрылой",-1
4560,"ruRU","Клоака",-1
4564,"ruRU","Площадка Краса",-1
4567,"ruRU","Аметистовая крепость",-1
4568,"ruRU","Вечерняя Заря",-1
4569,"ruRU","Выход из сточной трубы",-1
4570,"ruRU","Круг Воли",-1
4571,"ruRU","Флаговая комната Среброкрылых",-1
4572,"ruRU","Флаговая комната Песни Войны",-1
4575,"ruRU","Крепость Ледяных Оков",-1
4576,"ruRU","Центральный мост",-1
4577,"ruRU","Восточный мост",-1
4578,"ruRU","Западный мост",-1
4579,"ruRU","Дубра'джин",-1
4580,"ruRU","Вершина Рыцарей",-1
4581,"ruRU","Башня Огненного Дозора",-1
4582,"ruRU","Башня Клинка Зимы",-1
4583,"ruRU","Башня Темного Взора",-1
4584,"ruRU","Огненная котловина",-1
4585,"ruRU","Ледопады",-1
4586,"ruRU","Ветряные утесы",-1
4587,"ruRU","Лес Теней",-1
4588,"ruRU","Черный дозор",-1
4589,"ruRU","Холодная трясина",-1
4590,"ruRU","Степь Жизни",-1
4591,"ruRU","Молчаливое Бдение",-1
4592,"ruRU","Логово Гиморака",-1
4593,"ruRU","Яма чудовищ",-1
4594,"ruRU","Вершина Боевого Шрама",-1
4595,"ruRU","Зал Ужасов",-1
4596,"ruRU","Круг Страдания",-1
4597,"ruRU","Высота Страдания",-1
4598,"ruRU","Площадка Краса",-1
4599,"ruRU","Выход из сточной трубы",-1
4601,"ruRU","Остров Даларан",-1
4602,"ruRU","Интерьер силы",-1
4603,"ruRU","Склеп Аркавона",-1
4604,"ruRU","Врата Красного Солнца",-1
4605,"ruRU","Врата Синего Сапфира",-1
4606,"ruRU","Врата Зеленого Изумруда",-1
4607,"ruRU","Врата Лилового Аметиста",-1
4608,"ruRU","Врата Желтой Луны",-1
4609,"ruRU","Двор Древних",-1
4610,"ruRU","Береговая станция",-1
4611,"ruRU","Мастерская на западе парка",-1
4612,"ruRU","Мастерская на востоке парка",-1
4613,"ruRU","Даларан",-1
4614,"ruRU","Шпиль Аметистовой цитадели",-1
4615,"ruRU","Наз'анак: Забытые глубины",-1
4616,"ruRU","Прибежище Похитителя Солнца",-1
4617,"ruRU","Подъемник",-1
4618,"ruRU","Памятник Антонидасу",-1
4619,"ruRU","Аметистовая цитадель",-1
4620,"ruRU","Торговая палата волшебников",-1
4621,"ruRU","UNUSED",-1
4622,"ruRU","Лагерь сопротивления первого легиона",-1
4623,"ruRU","Зал побежденных королей",-1
4624,"ruRU","Опоганенная терраса",-1
4625,"ruRU","Оскверненный алтарь",-1
4626,"ruRU","Мерцающая топь",-1
4627,"ruRU","Павший храм Ан'кахета",-1
4628,"ruRU","Залы Оков",-1
4629,"ruRU","Сердце зимы",-1
4630,"ruRU","Северное море",-1
4631,"ruRU","Гнездо праматери",-1
4632,"ruRU","Даларанские парящие камни",-1
4633,"ruRU","Ямы ящеров",-1
4635,"ruRU","Крепость Драк'Тарон",-1
4636,"ruRU","Гибельный путь",-1
4637,"ruRU","Укрытие Варгота",-1
4638,"ruRU","Балкон Аметистовой цитадели",-1
4639,"ruRU","Кольцо отклонения",-1
4640,"ruRU","Кольцо ускорения",-1
4641,"ruRU","Кольцо трансмутации",-1
4642,"ruRU","Кольцо управления",-1
4646,"ruRU","Ясеневое озеро",-1
4650,"ruRU","Железный двор",-1
4652,"ruRU","Плац",-1
4653,"ruRU","Гнездо Острокрылой",-1
4654,"ruRU","Гигантская кузня",-1
4655,"ruRU","Мусорная свалка",-1
4656,"ruRU","Оранжерея Жизни",-1
4657,"ruRU","Архив",-1
4658,"ruRU","Ристалище Серебряного турнира",-1
4665,"ruRU","Главный лагерь экспедиции",-1
4666,"ruRU","Павильон Похитителей Солнца",-1
4667,"ruRU","Павильон Серебряного союза",-1
4668,"ruRU","Имение Купера",-1
4669,"ruRU","Арена чемпионов",-1
4670,"ruRU","Арена претендентов",-1
4671,"ruRU","Арена искателей славы Серебряного Авангарда",-1
4672,"ruRU","Арена искателей славы из Альянса",-1
4673,"ruRU","Арена искателей славы из Орды",-1
4674,"ruRU","Серебряный павильон",-1
4676,"ruRU","Павильон Похитителей Солнца",-1
4677,"ruRU","Павильон Серебряного союза",-1
4679,"ruRU","Заброшенный грот",-1
4688,"ruRU","claytonio test area",-1
4692,"ruRU","Покой Кель'Делара",-1
4710,"ruRU","Остров Завоеваний",-1
4722,"ruRU","Испытание крестоносца",-1
4723,"ruRU","Испытание чемпиона",-1
4739,"ruRU","Площадь Руноплета",-1
4740,"ruRU","Серебряный Союз",-1
4741,"ruRU","Остров Завоеваний нейтральная территория",-1
4742,"ruRU","Лагерь Хротгара",-1
4743,"ruRU","Застава Вестника Смерти",-1
4747,"ruRU","Мастерская",-1
4748,"ruRU","Каменоломня",-1
4749,"ruRU","Причал",-1
4750,"ruRU","Ангар",-1
4751,"ruRU","Нефтезавод",-1
4752,"ruRU","Крепость Орды",-1
4753,"ruRU","Крепость Альянса",-1
4760,"ruRU","Пролив Грозы Морей",-1
4763,"ruRU","Транспорт: Боевой корабль Альянса",-1
4764,"ruRU","Транспорт: Боевой корабль Орды",-1
4769,"ruRU","Лагерь Хротгара",-1
4809,"ruRU","Кузня Душ",-1
4812,"ruRU","Цитадель Ледяной Короны",-1
4813,"ruRU","Яма Сарона",-1
4820,"ruRU","Залы Отражений",-1
4832,"ruRU","Транспорт: боевой корабль Альянса (IGB)",-1
4833,"ruRU","Транспорт: боевой корабль Орды (IGB)",-1
4859,"ruRU","Ледяной Трон",-1
4862,"ruRU","Ледяные залы",-1
4889,"ruRU","Логово Королевы Льда",-1
4890,"ruRU","Лаборатория алхимических ужасов и забав",-1
4891,"ruRU","Святилище Крови",-1
4892,"ruRU","Багровый зал",-1
4893,"ruRU","Логово Королевы Льда",-1
4894,"ruRU","Лаборатория алхимических ужасов и забав",-1
4895,"ruRU","Багровый зал",-1
4896,"ruRU","Ледяной Трон",-1
4897,"ruRU","Святилище Крови",-1
4898,"ruRU","Ледяная Скорбь",-1
4904,"ruRU","Темный Подступ",-1
4905,"ruRU","Смотровая площадка",-1
4906,"ruRU","Темный трон",-1
4908,"ruRU","Потайной ход",-1
4910,"ruRU","Ледяная Скорбь",-1
4987,"ruRU","Рубиновое святилище",-1
