"ID";"content_default";"content_loc8"
"1";"You should select a character or a creature.";"Вы должны выбрать персонажа или существо."
"2";"You should select a creature.";"Вы должны выбрать существо."
"3";"[SERVER] %s";"[СЕРВЕР] %s"
"4";"|cffff0000[Event Message]: %s|r";"|cffff0000[Сообщение о событии]: %s|r"
"5";"There is no help for that command";"Нет помощи для этой команды"
"6";"Command '%.*s' does not exist";"Команда ""%.*s""не существует"
"7";"Subcommand '%.*s%c%.*s' is ambiguous:";"Подкоманда '%.*s%c%.*s' неоднозначна: "
"8";"Possible subcommands:";"Возможные подкоманды: "
"9";"Commands available to you:";"Доступные вам команды: "
"10";"Incorrect syntax.";"Неправильный синтаксис."
"11";"Your account level is: %i";"Уровень вашей учетной записи: %i"
"12";"Active connections: %u (max: %u) Queued connections: %u (max: %u)";"Активные соединения: %u (макс.: %u) Соединения в очереди: %u (макс.: %u)"
"13";"Server uptime: %s";"Время работы сервера: %s"
"14";"Player saved.";"Игрок сохранен."
"15";"All players saved.";"Все игроки сохранены."
"16";"The following GMs are active on this server:";"На этом сервере активны следующие ГМ:"
"17";"There are no GMs currently logged in on this server.";"В настоящее время на этом сервере нет зарегистрированных GM."
"18";"Cannot do that while flying.";"Во время полета этого сделать нельзя."
"19";"Update time diff: %u.";"Разница во времени обновления: %u."
"20";"Time left until shutdown/restart: %s";"Оставшееся время до выключения/перезапуска: %s"
"21";"%s's flying command failed.";"Команда полета %s не удалась."
"22";"You are not mounted so you can't dismount.";"Вы не в седле, поэтому не можете спешиться."
"23";"Cannot do that while fighting.";"Во время боя этого делать нельзя."
"24";"You used it recently.";"Вы использовали его недавно."
"25";"Password not changed (unknown error)!";"Пароль не изменен (неизвестная ошибка)!"
"26";"The password was changed";"Пароль был изменен"
"27";"The old password is wrong";"Старый пароль неверный"
"28";"Your account is now locked.";"Теперь ваша учетная запись заблокирована."
"29";"Your account is now unlocked.";"Теперь ваша учетная запись разблокирована."
"30";", rank ";", классифицировать"
"31";"[known]";"[известен]"
"32";"[learn]";"[учиться]"
"33";"[passive]";"[пассивный]"
"34";"[talent]";"[талант]"
"35";"[active]";"[активный]"
"36";"[complete]";"[полный]"
"37";"(offline)";"(не в сети)"
"38";"on";"на"
"39";"off";"выключенный"
"40";"You are: %s";"Вы: %s"
"41";"visible";"видимый"
"42";"invisible";"невидимый"
"43";"done";"Выполнено"
"44";"You";"Ты"
"45";"<unknown> ";"<неизвестно>"
"46";"<error>";"<ошибка>"
"47";"<non-existing character>";"<несуществующий персонаж>"
"48";"(online)";"(онлайн)"
"49";"You must be at least level %u to enter.";"Для входа вы должны быть не ниже %u уровня."
"50";"You must be at least level %u and have item %s to enter.";"Вы должны быть как минимум на уровне %u и иметь предмет %s для входа."
"51";"Hello! Ready for some training?";"Привет! Готовы к тренировкам?"
"52";"Invalid item count (%u) for item %u";"Недопустимое количество элементов (%u) для элемента %u"
"53";"Mail can't have more %u item stacks";"Почта не может иметь более %u стеков предметов"
"54";"The new passwords do not match";"Новые пароли не совпадают"
"55";"Your password can't be longer than 16 characters (client limit), password not changed!";"Ваш пароль не может быть длиннее 16 символов (ограничение клиента), пароль не менялся!"
"56";"Current Message of the day:  %s";"Текущее сообщение дня: %s"
"57";"Using World DB: %s";"Использование World DB: %s"
"58";"Using script library: %s";"Использование библиотеки скриптов: %s"
"59";"Using creature EventAI: %s";"Использование EventAI существа: %s"
"60";"Online players: %u (max: %u)";"Онлайн-игроков: %u (макс.: %u)"
"61";"Up to %u expansions are allowed now.";"Теперь разрешено до %u расширений."
"62";"One or more parameters contain incorrect values.";"Один или несколько параметров содержат неверные значения."
"63";"Wrong parameter, id: %u does not exist.";"Неверный параметр, идентификатор: %u не существует."
"64";"Wrong parameter realmId: %d";"Неверный параметр realmId: %d"
"65";"Account %u (%s) granted permissions:";"Аккаунту %u (%s) предоставлены разрешения:"
"66";"Account %u (%s) denied permissions:";"Учетной записи %u (%s) отказано в разрешениях:"
"67";"Account %u (%s) inherited permissions by sec level %u:";"Аккаунт %u (%s) унаследовал разрешения на уровне безопасности %u:"
"68";"Permissions:";"Разрешения: "
"69";"Linked permissions:";"Связанные разрешения: "
"70";"Empty List";"Пустой список"
"71";"- %u (%s)";"- %u (%s)"
"72";"Couldn't grant permission %u (%s) realmId %d. Account %u (%s) already has that permission";"Не удалось предоставить разрешение %u (%s) realmId %d. У учетной записи %u (%s) уже есть это разрешение."
"73";"Couldn't grant permission %u (%s) realmId %d. Account %u (%s) has that permission in deny list";"Не удалось предоставить разрешение %u (%s) realmId %d. Учетная запись %u (%s) имеет это разрешение в списке запрещенных."
"74";"Granted permission %u (%s) realmId %d to account %u (%s)";"Предоставлено разрешение %u (%s) realmId %d для учетной записи %u (%s)"
"75";"Couldn't deny permission %u (%s) realmId %d. Account %u (%s) already has that permission";"Не удалось отклонить разрешение %u (%s) realmId %d. У учетной записи %u (%s) уже есть это разрешение."
"76";"Couldn't deny permission %u (%s) realmId %d. Account %u (%s) has that permission in deny list";"Не удалось отклонить разрешение %u (%s) realmId %d. Учетная запись %u (%s) имеет это разрешение в списке запрещенных."
"77";"Denied permission %u (%s) realmId %d to account %u (%s)";"Отказано в доступе %u (%s) realmId %d к учетной записи %u (%s)"
"78";"Revoked permission %u (%s) realmId %d to account %u (%s)";"Отозвано разрешение %u (%s) realmId %d для учетной записи %u (%s)"
"79";"Couldn't revoke permission %u (%s) realmId %d. Account %u (%s) does not have that permission";"Не удалось отозвать разрешение %u (%s) realmId %d. У учетной записи %u (%s) нет такого разрешения."
"80";"BattleGround victories in the last 7 days Alliance: %d Horde: %d";"Побед в BattleGround за последние 7 дней Альянс: %d Орда: %d"
"81";"BattleGround scores storing is disabled!";"Сохранение очков BattleGround отключено!"
"82";"Nearest graveyard found: %u (%.3f %.3f %.3f)";"Найдено ближайшее кладбище: %u (%.3f %.3f %.3f)"
"83";"There are no graveyards near";"Рядом нет кладбищ"
"84";"Size: %f";"Размер: %f"
"85";"Faction: %u Flags: %u";"Фракция: %u Флаги: %u"
"86";"Model dimensions from center: Max X %f Y %f Z %f Min X %f Y %f Z %f";"Размеры модели от центра: макс. X %f Y %f Z %f мин. X %f Y %f Z %f"
"88";"Two-factor authentication commands are not properly setup.";"Команды двухфакторной аутентификации настроены неправильно."
"89";"Two-factor authentication is already enabled for this account.";"Для этой учетной записи уже включена двухфакторная аутентификация."
"90";"Invalid two-factor authentication token specified.";"Указан недопустимый токен двухфакторной аутентификации."
"91";"In order to complete setup, you'll need to set up the device you'll be using as your second factor.  Your 2FA key: %s  Once you have set up your device, confirm by running .account 2fa setup <token> with the generated token.";"Чтобы завершить настройку, вам нужно настроить устройство, которое вы будете использовать в качестве второго фактора. Ваш ключ 2FA: %s После того, как вы настроили свое устройство, подтвердите, запустив .account 2fa setup <token> со сгенерированным токеном."
"92";"Two-factor authentication has been successfully set up.";"Двухфакторная аутентификация успешно настроена."
"93";"Two-factor authentication is not enabled for this account.";"Для этой учетной записи не включена двухфакторная аутентификация."
"94";"To remove two-factor authentication, please specify a fresh two-factor token from your authentication device.";"Чтобы удалить двухфакторную аутентификацию, укажите новый токен двухфакторной аутентификации с вашего устройства аутентификации."
"95";"Two-factor authentication has been successfully disabled.";"Двухфакторная аутентификация успешно отключена."
"96";"The guild name '%s' is already taken";"Название гильдии '%s' уже занято"
"97";"Changed guild name '%s' to '%s'";"Название гильдии '%s' изменено на '%s'."
"98";"'%s' already exists as character name, choose another one";"'%s' уже существует как имя персонажа, выберите другое"
"99";"Player '%s' forced rename to '%s'";"Игрок '%s' принудительно переименовывается в '%s'"
"100";"Global notify: ";"Глобальное уведомление:"
"101";"Map: %u (%s) Zone: %u (%s) Area: %u (%s) Phase: %u X: %f Y: %f Z: %f Orientation: %f";"Карта: %u (%s) Зона: %u (%s) Область: %u (%s) Фаза: %u X: %f Y: %f Z: %f Ориентация: %f"
"102";"%s is already being teleported.";"%s уже телепортируется."
"103";"You can only summon a player to your instance if that player, or their group leader, is in your instance.";"Вы можете призвать игрока в свой инстанс только в том случае, если этот игрок или лидер его группы находится в вашем инстансе."
"104";"You cannot go to the player's instance because you are in a party now.";"Вы не можете зайти в инстанс игрока, потому что сейчас находитесь в группе."
"105";"You can only teleport to a player's instance if you are in their group, or you have GM mode enabled.";"Вы можете телепортироваться к игроку только в том случае, если вы находитесь в его группе или у вас включен режим GM."
"106";"You can not go to player %s from instance to instance.";"Вы не можете переходить к игроку %s из экземпляра в экземпляр."
"107";"You can not summon player %s from instance to instance.";"Вы не можете призывать игрока %s из инстанса в инстанс."
"108";"You are summoning %s%s.";"Вы вызываете %s%s."
"109";"You are being summoned by %s.";"Вас вызывает %s."
"110";"You are teleporting %s%s to %s.";"Вы телепортируете %s%s в %s."
"111";"You are being teleported by %s.";"Вас телепортирует %s."
"112";"Player (%s) does not exist.";"Игрок (%s) не существует."
"113";"Appearing at %s's location.";"Появление в месте нахождения %s."
"114";"%s is appearing at your location.";"%s появляется в вашем местоположении."
"115";"Incorrect values.";"Неверные значения."
"116";"No character selected.";"Не выбран персонаж."
"117";"%s is not in a group.";"%s не входит в группу."
"118";"You changed HP of %s to %i/%i.";"Вы изменили HP %s на %i/%i."
"119";"%s changed your HP to %i/%i.";"%s изменил ваш HP на %i/%i."
"120";"You changed MANA of %s to %i/%i.";"Вы изменили МАНУ от %s на %i/%i."
"121";"%s changed your MANA to %i/%i.";"%s изменил вашу МАНУ на %i/%i."
"122";"You changed ENERGY of %s to %i/%i.";"Вы изменили ЭНЕРГИЮ %s на %i/%i."
"123";"%s changed your ENERGY to %i/%i.";"%s изменил вашу ЭНЕРГИЮ на %i/%i."
"124";"Current energy: %u";"Текущая энергия: %u"
"125";"You changed rage of %s to %i/%i.";"Вы изменили ярость %s на %i/%i."
"126";"%s changed your rage to %i/%i.";"%s изменил вашу ярость на %i/%i."
"127";"You changed level of %s to %i.";"Вы изменили уровень %s на %i."
"128";"GUID %i, faction is %i, flags is %i, npcflag is %i, dynflag is %i.";"GUID %i, фракция %i, флаги %i, npcflag %i, dynflag %i."
"129";"Wrong faction: %u (not found in factiontemplate.dbc).";"Неверная фракция: %u (не найдено в factiontemplate.dbc)."
"130";"You changed GUID=%i's Faction to %i, flags to %i, npcflag to %i, dynflag to %i.";"Вы изменили GUID=%i Faction на %i, flags на %i, npcflag на %i, dynflag на %i."
"131";"You changed the spellflatid=%i, val= %i, mark =%i to %s.";"Вы изменили заклинание flatid=%i, val= %i, mark =%i на %s."
"132";"%s changed your spellflatid=%i, val= %i, mark =%i.";"%s изменил ваше заклинаниеflatid=%i, val= %i, mark =%i."
"133";"%s has access to all taxi nodes now (until logout).";"%s теперь имеет доступ ко всем узлам такси (до выхода из системы)."
"134";"%s has no more access to all taxi nodes now (only visited accessible).";"%s больше не имеет доступа ко всем узлам такси (доступны только посещенные)."
"135";"%s has given you access to all taxi nodes (until logout).";"%s предоставил вам доступ ко всем узлам такси (до выхода из системы)."
"136";"%s has removed access to all taxi nodes (only visited still accessible).";"%s удалил доступ ко всем узлам такси (по-прежнему доступны только посещенные)."
"137";"You set all speeds of %s from normal to %2.2f.";"Вы установили все скорости %s от нормальной до %2.2f."
"138";"%s set all your speeds from normal to %2.2f.";"%s установил все ваши скорости с нормальной на %2.2f."
"139";"You set the speed of %s from normal to %2.2f.";"Вы установили скорость %s от нормальной до %2.2f."
"140";"%s set your speed from normal to %2.2f.";"%s измените вашу скорость с нормальной на %2.2f."
"141";"You set the swim speed of %s from normal to %2.2f.";"Вы установили скорость плавания %s с нормальной на %2.2f."
"142";"%s set your swim speed from normal to %2.2f.";"%s изменил скорость плавания с нормальной на %2.2f."
"143";"You set the backwards run speed of %s from normal to %2.2f.";"Вы установили скорость обратного хода %s с нормальной на %2.2f."
"144";"%s set your backwards run speed from normal to %2.2f.";"%s изменил скорость бега назад с нормальной на %2.2f."
"145";"You set the fly speed of %s from normal to %2.2f.";"Вы установили скорость полета %s с нормальной на %2.2f."
"146";"%s set your fly speed from normal to %2.2f.";"%s измените скорость полета с нормальной на %2.2f."
"147";"You set the size of %s to %2.2f.";"Вы установили размер %s на %2.2f."
"148";"%s set your size to %2.2f.";"%s установите размер %2.2f."
"149";"There is no such mount.";"Нет такого крепления."
"150";"You give a mount to %s.";"Вы даете средство передвижения %s."
"151";"%s gave you a mount.";"%s дал вам средство передвижения."
"152";"USER1: %i, ADD: %i, DIF: %i ";"ПОЛЬЗОВАТЕЛЬ1: %i, ДОБАВИТЬ: %i, ДИФ: %i"
"153";"You take all the copper from %s.";"Вы забираете всю медь у %s."
"154";"%s took you all of your copper.";"%s забрал у вас всю вашу медь."
"155";"You take %i copper from %s.";"Вы берете %i меди у %s."
"156";"%s took %i copper from you.";"%s забрал у вас %i меди."
"157";"You give %i copper to %s.";"Вы отдаете %i меди %s."
"158";"%s gave you %i copper.";"%s дал вам %i меди."
"159";"You play the sound %u.";"Вы играете звук %u."
"160";"USER2: %i, ADD: %i, RESULT: %i ";"ПОЛЬЗОВАТЕЛЬ2: %i, ДОБАВИТЬ: %i, РЕЗУЛЬТАТ: %i"
"161";"Removed bit %i in field %i.";"Удален бит %i в поле %i."
"162";"Set bit %i in field %i.";"Установите бит %i в поле %i."
"163";"Teleport location table is empty!";"Таблица местоположения телепорта пуста!"
"164";"Teleport location not found!";"Местоположение телепорта не найдено!"
"165";"Requires search parameter.";"Требуется параметр поиска."
"166";"There are no teleport locations matching your request.";"Нет мест телепорта, соответствующих вашему запросу."
"167";"This name is reserved, choose another one";"Это имя зарезервировано, выберите другое"
"168";"The following locations were found: %s";"Были найдены следующие места: %s"
"169";"Mail sent to %s";"Письмо отправлено на %s"
"170";"You tried to play the sound %u, but it does not exist.";"Вы пытались воспроизвести звук %u, но он не существует."
"171";"You can't teleport yourself to yourself!";"Вы не можете телепортироваться к себе!"
"172";"server console command";"консольная команда сервера"
"173";"You changed the runic power of %s to %i/%i.";"Вы изменили силу рун %s на %i/%i."
"174";"%s changed your runic power to %i/%i.";"%s изменил вашу силу рун на %i/%i."
"175";"Liquid level: %f, ground: %f, type: %u, flags %u, status: %d.";"Уровень воды: %f, земля: %f, тип: %u, флаги %u, статус: %d."
"176";"Invalid gameobject type, must be a destructible building.";"Неверный тип игрового объекта, это должно быть разрушаемое здание."
"177";"Gameobject %s (GUID: %u) damaged %u (actual health: %u).";"Игровой объект %s (GUID: %u) поврежден %u (фактическое здоровье: %u)."
"178";"grid[%u,%u]cell[%u,%u] InstanceID: %u  ZoneX: %f ZoneY: %f GroundZ: %f FloorZ: %f MinHeight: %f Have height data (Map: %u VMap: %u MMap: %u)";"grid[%u,%u]cell[%u,%u] InstanceID: %u ZoneX: %f ZoneY: %f GroundZ: %f FloorZ: %f MinHeight: %f Имеются данные о высоте (карта: %u VMap: %u MMap: %u)"
"186";"TransMapID: %u TransOffsetX: %f TransOffsetY: %f TransOffsetZ: %f TransOffsetO: %f (Transport ID: %u %s)";"TransMapID: %u TransOffsetX: %f TransOffsetY: %f TransOffsetZ: %f TransOffsetO: %f (идентификатор транспорта: %u %s)"
"187";"The group's leader is not in your instance - summoning only members that are already in your map.";"Лидер группы не находится в вашем инстансе — вызов только тех участников, которые уже есть на вашей карте."
"188";"The provided two-factor authentication secret is too long.";"Предоставленный секрет двухфакторной аутентификации слишком длинный."
"189";"The provided two-factor authentication secret is not valid.";"Предоставленный секрет двухфакторной аутентификации недействителен."
"190";"Successfully enabled two-factor authentication for '%s' with the specified secret.";"Успешно включена двухфакторная аутентификация для ""%s""с указанным секретом."
"191";"|- %.*s";"|- %.*с"
"192";"|- %.*s ...";"|- %.*s ..."
"193";"Subcommand '%.*s%c%.*s' does not exist.";"Подкоманда '%.*s%c%.*s' не существует."
"194";"Command '%.*s' is ambiguous:";"Команда «%.*s» неоднозначна: "
"195";"### USAGE: .%.*s ...";"### ИСПОЛЬЗОВАНИЕ: .%.*s ..."
"196";"There is no detailed usage information associated with '%.*s'. This should never occur for stock TrinityCore commands - if it does, report this as a bug. If this is a custom command, use `trinity_string` to specify it. Look at cs_achievement.cpp for example usage.";"Подробная информация об использовании, связанная с ""%.*s"", отсутствует. Это никогда не должно происходить для стандартных команд TrinityCore — если это произойдет, сообщите об этом как об ошибке. Если это пользовательская команда, используйте `trinity_string`, чтобы указать ее. Посмотрите на cs_achievement.cpp, например, использование."
"200";"No selection.";"Не выбрано."
"201";"Object GUID is: %s";"GUID объекта: %s"
"202";"The name was too long by %i characters.";"Имя слишком длинное (%i символов)."
"203";"Error, a name can only contain the characters A-Z and a-z.";"Ошибка, имя может содержать только символы AZ и az."
"204";"The subname was too long by %i characters.";"Подимя слишком длинное (%i символов)."
"205";"Not yet implemented";"Еще не реализовано"
"206";"Item '%i' '%s' added to list with maxcount '%i' and incrtime '%i' and extendedcost '%i'";"Элемент '%i' '%s' добавлен в список с maxcount '%i' и incrtime '%i' и extendedcost '%i'"
"207";"Item '%i' not found in database.";"Элемент ""%i""не найден в базе данных."
"208";"Item '%i' '%s' deleted from vendor list";"Товар '%i' '%s' удален из списка поставщиков"
"209";"Item '%i' not found in vendor list.";"Товар '%i' не найден в списке поставщиков."
"210";"Item '%u' (with extended cost %u) is already in the vendor list.";"Товар '%u' (с дополнительной стоимостью %u) уже есть в списке поставщиков."
"211";"Spells of %s reset.";"Заклинания %s сброшены."
"212";"Spells of %s will reset at next login.";"Заклинания %s будут сброшены при следующем входе в систему."
"213";"Talents of %s reset.";"Таланты %s сброшены."
"214";"Talents of %s will reset at next login.";"Таланты %s будут сброшены при следующем входе в систему."
"215";"Your spells have been reset.";"Ваши заклинания были сброшены."
"216";"Your talents have been reset.";"Ваши таланты были сброшены."
"217";"Unknown case '%s' for .resetall command. Type full correct case name.";"Неизвестный случай '%s' для команды .resetall. Введите полное правильное название случая."
"218";"Spells will be reset for all players at login. Relogging is strongly recommended!";"Заклинания будут сброшены для всех игроков при входе в систему. Настоятельно рекомендуется перезайти!"
"219";"Talents will be reset for all players at login. Relogging is strongly recommended!";"Таланты будут сброшены для всех игроков при входе в систему. Настоятельно рекомендуется перезайти!"
"220";"Creature (GUID: %u) No waypoint found.";"Существо (GUID: %u) Путевая точка не найдена."
"221";"Creature (GUID: %u) Last waypoint not found.";"Существо (GUID: %u) Последняя путевая точка не найдена."
"222";"Creature (GUID: %u) No waypoint found - used 'wpguid'. Now trying to find it by its position...";"Существо (GUID: %u) Путевая точка не найдена — используется «wpguid». Теперь пытаюсь найти его по положению..."
"223";"Creature (GUID: %u) No waypoints found - This is a MaNGOS db problem (single float).";"Существо (GUID: %u) Путевые точки не найдены — это проблема с базой данных MaNGOS (один поплавок)."
"224";"Selected creature is ignored - provided GUID is used";"Выбранное существо игнорируется при условии, что используется GUID"
"225";"Creature (GUID: %u) not found";"Существо (GUID: %u) не найдено"
"226";"You must select a visual waypoint.";"Вы должны выбрать визуальную путевую точку."
"227";"No visual waypoints found";"Визуальные путевые точки не найдены"
"228";"Could not create visual waypoint with creatureID: %d";"Не удалось создать визуальную путевую точку с идентификатором существа: %d"
"229";"All visual waypoints removed";"Все визуальные путевые точки удалены"
"230";"Could not create waypoint-creature with ID: %d";"Не удалось создать путевую точку-существо с идентификатором: %d"
"231";"No GUID provided.";"GUID не указан."
"232";"No waypoint number provided.";"Номер путевой точки не указан."
"233";"Argument required for '%s'.";"Требуется аргумент для '%s'."
"234";"Waypoint %i added to GUID: %d";"Путевая точка %i добавлена в GUID: %d"
"235";"Waypoint %d added.";"Добавлена путевая точка %d."
"236";"Waypoint changed.";"Путевая точка изменена."
"237";"Waypoint %s modified.";"Путевая точка %s изменена."
"238";"WP export successfull.";"Экспорт WP успешно."
"239";"No waypoints found in the database.";"Путевые точки в базе не найдены."
"240";"File imported.";"Файл импортирован."
"241";"Waypoint removed.";"Путевая точка удалена."
"242";"Warning: Could not delete WP with ID: %d from the world";"Предупреждение: Не удалось удалить WP с идентификатором: %d из мира."
"243";"This happens if the waypoint is too far away from your char.";"Это происходит, если путевая точка находится слишком далеко от вашего персонажа."
"244";"The WP is deleted from the database, but not from the world here.";"WP удаляется из базы данных, но не из мира здесь."
"245";"They will disappear after a server restart.";"Они исчезнут после перезагрузки сервера."
"246";"Waypoint %d: Info for creature: %s, GUID: %d";"Путевая точка %d: Информация о существе: %s, GUID: %d"
"247";"Waittime: %d";"Время ожидания: %d"
"248";"Model %d: %d";"Модель %d: %d"
"249";"Emote: %d";"Эмоция: %d"
"250";"Spell: %d";"Заклинание: %d"
"251";"Text%d (ID: %i): %s";"Текст%d (ID: %i): %s"
"252";"AIScript: %s";"AIScript: %s"
"253";"Forced rename for player %s will be requested at next login.";"При следующем входе в систему будет запрошено принудительное переименование игрока %s."
"254";"Forced rename for player %s (GUID #%u) will be requested at next login.";"Принудительное переименование игрока %s (GUID #%u) будет запрошено при следующем входе в систему."
"255";"Waypoint-Creature (GUID: %u) Not found";"Waypoint-Creature (GUID: %u) Не найдено"
"256";"Could not find NPC...";"Не можем найти НПС…"
"257";"Creature movement type set to '%s', waypoints removed (if any).";"Тип движения существа установлен на '%s', путевые точки удалены (если есть)."
"258";"Creature movement type set to '%s', waypoints were not removed.";"Тип движения существа установлен на '%s', путевые точки не удалялись."
"259";"Incorrect value, use on or off";"Неверное значение, включите или выключите"
"260";"Value saved.";"Значение сохранено."
"261";"Value saved, you may need to rejoin or clean your client cache.";"Значение сохранено, вам может потребоваться повторное подключение или очистка кеша клиента."
"262";"Areatrigger ID %u not found!";"Идентификатор триггера зоны %u не найден!"
"263";"Invalid target map or coordinates (X: %f Y: %f MapId: %u)";"Недопустимая целевая карта или координаты (X: %f Y: %f MapId: %u)"
"264";"Invalid zone coordinates (X: %f Y: %f AreaId: %u)";"Недопустимые координаты зоны (X: %f Y: %f AreaId: %u)"
"265";"Zone %u (%s) is part of instanceable map %u (%s)";"Зона %u (%s) является частью инстансируемой карты %u (%s)"
"266";"Nothing found!";"Ничего не найдено!"
"267";"Object not found!";"Объект не найден!"
"268";"Creature not found!";"Существо не найдено!"
"269";"Warning: Mob found more than once - you will be teleported to the first one found in DB.";"Внимание: моб найден более одного раза - вы будете телепортированы к первому найденному в БД."
"270";"Creature Removed";"Существо удалено"
"271";"Creature moved.";"Существо двинулось."
"272";"Creature (GUID:%u) must be on the same map as player!";"Существо (GUID:%u) должно находиться на той же карте, что и игрок!"
"273";"Game Object (GUID: %u) not found";"Игровой объект (GUID: %u) не найден"
"274";"Game Object (GUID: %u) is referenced by nonexistent creature %u in GO list, can't be deleted.";"На игровой объект (GUID: %u) ссылается несуществующее существо %u в списке GO, его нельзя удалить."
"275";"Game Object (GUID: %u) removed";"Игровой объект (GUID: %u) удален"
"276";"Game Object |cffffffff|Hgameobject:%d|h[%s]|h|r (GUID: %u) turned";"Игровой объект |cffffffff|Hgameobject:%d|h[%s]|h|r (GUID: %u) повернулся"
"277";"Game Object |cffffffff|Hgameobject:%d|h[%s]|h|r (GUID: %u) moved";"Игровой объект |cffffffff|Hgameobject:%d|h[%s]|h|r (GUID: %u) перемещен"
"278";"You must select a vendor";"Вы должны выбрать поставщика"
"279";"You must send id for item";"Вы должны отправить идентификатор товара"
"280";"Vendor has too many items (max 128)";"У продавца слишком много предметов (максимум 128)"
"281";"You can't kick yourself, log out instead.";"Вы не можете кикать себя, вместо этого выйдите из системы."
"282";"Player %s kicked.";"Игрок %s исключен."
"283";"You have disabled %s's chat for %u minutes, effective at the player's next login. Reason: %s.";"Вы отключили чат %s на %u минут, вступает в силу при следующем входе игрока в систему. Причина: %s."
"284";"Accepting Whisper: %s";"Принятие шепота: %s"
"285";"Accepting Whisper: ON";"Прием шепота: ВКЛ."
"286";"Accepting Whisper: OFF";"Прием шепота: ВЫКЛ."
"287";"Creature (GUID: %u) not found";"Существо (GUID: %u) не найдено"
"288";"%s either isn't dead or has no loot available.";"%s либо жив, либо у него нет добычи."
"289";"LOOT INFO: %s (%d)";"ИНФОРМАЦИЯ О ДОБЫЧЕ: %s (%d)"
"290";"├ %s (%d items):";"├ %s (%d элементов):"
"291";"├─ %dx |c%08x|Hitem:%d:0:0:0:0:0:0:0:0|h[%s]|h|r (#%05d)";"├─ %dx |c%08x|Предмет:%d:0:0:0:0:0:0:0:0:0|h[%s]|h|r (#%05d)"
"292";"├ Money: %01d|TInterface\MoneyFrame\UI-GoldIcon:0:0:2:0|t %02d|TInterface\MoneyFrame\UI-SilverIcon:0:0:2:0|t %02d|TInterface\MoneyFrame\UI-CopperIcon:0:0:2:0|t";"├ Деньги: %01d|TInterface\MoneyFrame\UI-GoldIcon:0:0:2:0|t %02d|TInterface\MoneyFrame\UI-SilverIcon:0:0:2:0|t %02d|TInterface\MoneyFrame\ UI-CopperIcon:0:0:2:0|t"
"293";"├ %s:";"├ %s:"
"294";"├─ %s (%d items):";"├─ %s (%d предметов):"
"295";"├── %dx |c%08x|Hitem:%d:0:0:0:0:0:0:0:0|h[%s]|h|r (#%05d)";"├── %dx |c%08x|Элемент:%d:0:0:0:0:0:0:0:0|h[%s]|h|r (#%05d)"
"296";"Ticket deleted.";"Тикет удален."
"297";"Wander distance changed to: %f";"Расстояние блуждания изменено на: %f"
"298";"Spawn time changed to: %i";"Время появления изменено на: %i"
"299";"%s's honor points were set to %u.";"Очки чести %s были установлены на %u."
"300";"Your chat has been disabled for %u minutes. By: %s ,Reason: %s.";"Ваш чат был отключен на %u минут. Автор: %s ,Причина: %s."
"301";"You have disabled %s's chat for %u minutes. Reason: %s.";"Вы отключили чат %s на %u минут. Причина: %s."
"302";"Player's chat is already enabled.";"Чат игрока уже включен."
"303";"Your chat has been enabled.";"Ваш чат включен."
"304";"You have enabled %s's chat.";"Вы включили чат %s."
"305";"Faction %s (%u) reputation of %s was set to %5d!";"Репутация фракции %s (%u) %s установлена на %5d!"
"306";"The arena points of %s was set to %u!";"Очки арены %s были установлены на %u!"
"307";"No faction found!";"Фракция не найдена!"
"308";"Faction %i unknown!";"Фракция %i неизвестна!"
"309";"Invalid parameter %s";"Неверный параметр %s"
"310";"delta must be between 0 and %d (inclusive)";"дельта должна быть между 0 и %d (включительно)"
"311";"%d - |cffffffff|Hfaction:%d|h[%s]|h|r";"%d - |cffffffff|Hфракция:%d|h[%s]|h|r"
"312";"[visible]";"[видимый]"
"313";"[at war]";"[на войне]"
"314";"[peace forced]";"[принудительный мир]"
"315";"[hidden]";"[скрытый]"
"316";"[invisible forced]";"[невидимый принудительный]"
"317";"[inactive]";"[неактивный]"
"318";"Hated";"Ненавидел"
"319";"Hostile";"Враждебный"
"320";"Unfriendly";"Недружественный"
"321";"Neutral";"Нейтральный"
"322";"Friendly";"Дружелюбный"
"323";"Honored";"Заслуженный"
"324";"Revered";"Почитаемый"
"325";"Exalted";"возвышенный"
"326";"Faction %s (%u) can't have reputation.";"Фракция %s (%u) не может иметь репутацию."
"327";"[no reputation]";"[нет репутации]"
"328";"Characters at account %s (Id: %u)";"Персонажи на учетной записи %s (идентификатор: %u)"
"329";" %s (GUID %u) %s";"%s (GUID %u) %s"
"330";"No players found!";"Игроки не найдены!"
"331";"Extended item cost %u does not exist.";"Предмет с расширенной стоимостью %u не существует."
"332";"GM mode is ON";"Режим GM включен"
"333";"GM mode is OFF";"Режим GM выключен"
"334";"GM Chat Badge is ON";"Значок чата GM включен"
"335";"GM Chat Badge is OFF";"Значок чата GM отключен"
"336";"You repair all of %s's items.";"Вы ремонтируете все предметы %s."
"337";"All your items were repaired by %s.";"Все ваши предметы были отремонтированы %s."
"338";"You set waterwalk mode %s for %s.";"Вы установили режим хождения по воде %s для %s."
"339";"Your waterwalk mode %s by %s.";"Ваш режим хождения по воде %s на %s."
"340";"%s is now following you.";"%s теперь следует за вами."
"341";"%s is not following you.";"%s не следит за вами."
"342";"%s is now not following you.";"%s больше не подписан на вас."
"343";"Creature (Entry: %u) cannot be tamed.";"Существо (Запись: %u) нельзя приручить."
"344";"You already have a pet.";"У вас уже есть питомец."
"345";"customization for player %s will be requested at next login.";"настройка для игрока %s будет запрошена при следующем входе в систему."
"346";"customization for player %s (GUID #%u) will be requested at next login.";"настройка для игрока %s (GUID #%u) будет запрошена при следующем входе в систему."
"347";"TaxiNode ID %u not found!";"Идентификатор TaxiNode %u не найден!"
"348";"Game Object (Entry: %u) contains invalid data and can't be spawned.";"Игровой объект (запись: %u) содержит недопустимые данные и не может быть создан."
"349";"%d (idx:%d) - |cffffffff|Htitle:%d|h[%s %s]|h|r %s %s ";"%d (idx:%d) - |cffffffff|Htitle:%d|h[%s %s]|h|r %s %s"
"350";"%d (idx:%d) - [%s %s] %s %s ";"%d (idx:%d) - [%s %s] %s %s"
"351";"No titles found!";"Заголовки не найдены!"
"352";"Invalid title id: %u";"Недопустимый идентификатор заголовка: %u"
"353";"Title %u (%s) added to known titles list for player %s.";"Титул %u (%s) добавлен в список известных титулов для игрока %s."
"354";"Title %u (%s) removed from known titles list for player %s.";"Титул %u (%s) удален из списка известных титулов для игрока %s."
"355";"Title %u (%s) set as current selected title for player %s.";"Титул %u (%s) установлен как текущий выбранный титул для игрока %s."
"356";"Current selected title for player %s is now reset to not known.";"Текущий выбранный титул для игрока %s теперь сбрасывается на «неизвестно»."
"357";"Cheat Command Status:";"Статус чит-команды:"
"358";"Godmode: %s.";"Режим Бога: %s."
"359";"Casttime: %s.";"Время применения: %s."
"360";"Cooldown: %s.";"Перезарядка: %s."
"361";"Power: %s.";"Сила: %s."
"362";"Waterwalk: %s.";"Водный путь: %s."
"363";"Player %s cannot whisper you any longer.";"Игрок %s больше не может вам шептать."
"364";"Taxinodes: %s.";"Таксиноды: %s."
"365";"### USAGE: .achievement add <achievement> Add an achievement, specified by ID or link, to the targeted player.";"### ИСПОЛЬЗОВАНИЕ: .achievement add <достижение> Добавить достижение, указанное по идентификатору или ссылке, целевому игроку."
"366";"### USAGE: .account set addon [<accountname>] <expansion> Sets the specified account's, or targeted player's account's expansion level. 0 = WoW, 1 = TBC, 2 = WotLK.";"### ИСПОЛЬЗОВАНИЕ: .account set addon [<имя учетной записи>] <расширение> Устанавливает уровень расширения указанной учетной записи или учетной записи целевого игрока. 0 = WoW, 1 = уточняется, 2 = WotLK."
"367";"### USAGE: .account set sec regmail <accountname> <email> <confirm email> Replaces the registration email on record for the specified account.";"### ИСПОЛЬЗОВАНИЕ: .account set sec regmail <accountname> <email> <confirm email> Заменяет регистрационный адрес электронной почты в записи для указанной учетной записи."
"368";"### USAGE: .account set sec email <accountname> <email> <confirm email> Replaces the email on record for the specified account.";"### ИСПОЛЬЗОВАНИЕ: .account set sec email <accountname> <email> <confirm email> Заменяет адрес электронной почты в записи для указанной учетной записи."
"369";"### USAGE: .account set 2fa <accountname> <secret> Provide a base32 encoded secret to setup two-factor authentication for the account. Specify 'off' to disable two-factor authentication for the account.";"### ИСПОЛЬЗОВАНИЕ: .account set 2fa <accountname> <secret> Укажите секрет в кодировке base32 для настройки двухфакторной аутентификации для учетной записи. Укажите «выкл», чтобы отключить двухфакторную аутентификацию для учетной записи."
"370";"### USAGE: .account set seclevel [<accountname>] <level> [<realm>] Set the security level for the specified account, or the targeted player's account, to the specified level on the specified realm. Cannot be used on self. Levels range from 0 (player) to 3 (administrator). Realm ID defaults to -1 (all realms).";"### ИСПОЛЬЗОВАНИЕ: .account set seclevel [<имя учетной записи>] <уровень> [<область>] Установите уровень безопасности для указанной учетной записи или учетной записи целевого игрока на указанный уровень в указанной области. Нельзя использовать на себя. Уровни варьируются от 0 (игрок) до 3 (администратор). Идентификатор области по умолчанию равен -1 (все области)."
"371";"### USAGE: .account set password <accountname> <password> <confirm password> Changes the password for the specified account.";"### ИСПОЛЬЗОВАНИЕ: .account set password <имя учетной записи> <пароль> <подтвердить пароль> Изменяет пароль для указанной учетной записи."
"372";"### USAGE: .account 2fa setup Begins setup of two-factor authentication for this account.";"### ИСПОЛЬЗОВАНИЕ: .account 2fa setup Начинает настройку двухфакторной аутентификации для этой учетной записи."
"373";"### USAGE: .account 2fa remove <token> Provide a current 2FA token to disable two-factor authentication for this account.";"### ИСПОЛЬЗОВАНИЕ: .account 2fa remove <token> Укажите текущий токен 2FA, чтобы отключить двухфакторную аутентификацию для этой учетной записи."
"374";"### USAGE: .account addon <expansion> Sets this account's expansion level. 0 = WoW, 1 = TBC, 2 = WotLK.";"### ИСПОЛЬЗОВАНИЕ: .account addon <расширение> Устанавливает уровень расширения этой учетной записи. 0 = WoW, 1 = уточняется, 2 = WotLK."
"375";"### USAGE: .account create <name> <password> [<email>] Creates a new account with the specified password and email (if specified).";"### ИСПОЛЬЗОВАНИЕ: .account create <name> <password> [<email>] Создает новую учетную запись с указанным паролем и адресом электронной почты (если он указан)."
"376";"### USAGE: .account delete <name> Deletes the specified account. Cannot be used on self while connected.";"### ИСПОЛЬЗОВАНИЕ: .account delete <имя> Удаляет указанную учетную запись. Нельзя использовать на себя при подключении."
"377";"### USAGE: .account email <old email> <password> <new email> <confirm new email> Changes the email on record for this account.";"### ИСПОЛЬЗОВАНИЕ: .account email <старый адрес электронной почты> <пароль> <новый адрес электронной почты> <подтвердить новый адрес электронной почты> Изменяет адрес электронной почты в записи для этой учетной записи."
"378";"### USAGE: .account onlinelist Shows a list of all currently-connected accounts.";"### ИСПОЛЬЗОВАНИЕ: .account onlinelist Показывает список всех подключенных в данный момент учетных записей."
"379";"### USAGE: .account lock country <on/off> While enabled, you will only be able to log in from IP addresses in your current country.";"### ИСПОЛЬЗОВАНИЕ: .account lock country <on/off> Если этот параметр включен, вы сможете входить в систему только с IP-адресов в вашей текущей стране."
"380";"### USAGE: .account lock ip <on/off> While enabled, you will only be able to log in from your current IP address.";"### ИСПОЛЬЗОВАНИЕ: .account lock ip <on/off> Если этот параметр включен, вы сможете войти в систему только с вашего текущего IP-адреса."
"381";"### USAGE: .account password <old password> <new password> <confirm password> [<email>] Changes the password for this account. Whether you need to specify your email address depends on the server settings.";"### ИСПОЛЬЗОВАНИЕ: .account password <старый пароль> <новый пароль> <подтверждение пароля> [<email>] Изменяет пароль для этой учетной записи. Необходимость указания адреса электронной почты зависит от настроек сервера."
"382";"### USAGE: .account Prints information about the current account.";"### ИСПОЛЬЗОВАНИЕ: .account Выводит информацию о текущей учетной записи."
"383";"### USAGE: .learn <spell> [all] Teaches the specified spell. If 'all' is specified, teaches all ranks of the spell instead.";"### ИСПОЛЬЗОВАНИЕ: .learn <заклинание> [все] Обучает указанному заклинанию. Если указано «все», вместо этого обучает всем рангам заклинания."
"384";"### USAGE: .unlearn <spell> [all] Removes the specified spell from the target's spellbook. If 'all' is specified, removes all ranks of the spell instead.";"### ИСПОЛЬЗОВАНИЕ: .unlearn <заклинание> [все] Удаляет указанное заклинание из книги заклинаний цели. Если указано «все», вместо этого удаляются все ранги заклинания."
"385";"### USAGE: .learn my quests Teaches you any spells your class can obtain through class quests.";"### ИСПОЛЬЗОВАНИЕ: .learn my quests Обучает вас любым заклинаниям, которые ваш класс может получить с помощью классовых квестов."
"386";"### USAGE: .learn my trainer Teaches you any spells you could currently train at your class trainer.";"### ИСПОЛЬЗОВАНИЕ: .learn my Trainer Обучает вас любым заклинаниям, которые вы в настоящее время можете обучить у своего тренера."
"387";"### USAGE: .learn all blizzard Teaches you all available Blizzard internal spells.";"### ИСПОЛЬЗОВАНИЕ: .learn all blizzard Обучает вас всем доступным внутренним заклинаниям Blizzard."
"388";"### USAGE: .learn all debug Teaches you a set of spells useful for testing raid encounters. You shouldn't be using GM commands during testing - they can cause weird behavior on their own!";"### ИСПОЛЬЗОВАНИЕ: .learn all debug Обучает набору заклинаний, полезных для тестирования рейдовых столкновений. Вы не должны использовать команды GM во время тестирования - они сами по себе могут вызвать странное поведение!"
"389";"### USAGE: .learn all crafts [<player>] Teaches the specified player, or target/self, all available professions and recipes";"### ИСПОЛЬЗОВАНИЕ: .learn all crafts [<player>] Обучает указанного игрока или цель/себя всем доступным профессиям и рецептам."
"390";"### USAGE: .learn all default [<player>] Teaches the specified player, or target/self, all default spells for their race/class, as well as any quests they have unlocked through quests.";"### ИСПОЛЬЗОВАНИЕ: .learn all default [<player>] Обучает указанного игрока или цель/себя всем заклинаниям по умолчанию для его расы/класса, а также любым квестам, которые он разблокировал с помощью квестов."
"391";"### USAGE: .learn all languages Teaches all available languages.";"### ИСПОЛЬЗОВАНИЕ: .learn all languages Обучает всем доступным языкам."
"392";"### USAGE: .learn all recipes <profession> Teaches all recipes for the given profession.";"### ИСПОЛЬЗОВАНИЕ: .learn all recipes <profession> Обучает всем рецептам данной профессии."
"393";"### USAGE: .learn all talents Unlocks all talents for the player's class.";"### ИСПОЛЬЗОВАНИЕ: .learn all Talents Открывает все таланты класса игрока."
"394";"### USAGE: .learn all pettalents Unlocks all talents for the player's pet.";"### ИСПОЛЬЗОВАНИЕ: .learn all pettalents Открывает все таланты питомца игрока."
"400";"|cffff0000[System Message]:|rScripts reloaded";"|cffff0000[Системное сообщение]:|rScripts перезагружены"
"401";"Security level of account %s changed to %i.";"Уровень безопасности учетной записи %s изменен на %i."
"402";"%s changed your security level to %i.";"%s изменил ваш уровень безопасности на %i."
"403";"Your security level is too low for this action.";"Ваш уровень безопасности слишком низок для этого действия."
"404";"Creature movement disabled.";"Движение существ отключено."
"405";"Creature movement enabled.";"Движение существ включено."
"406";"Weather can't be changed for this zone.";"Погода не может быть изменена для этой зоны."
"407";"Weather system disabled at server.";"Система погоды отключена на сервере."
"408";"%s is banned for %s. Reason: %s.";"%s забанен для %s. Причина: %s."
"409";"%s is banned permanently for %s.";"%s заблокирован навсегда для %s."
"410";"%s %s not found";"%s %s не найдено"
"411";"%s unbanned.";"%s разблокирован."
"412";"There was an error removing the ban on %s.";"Произошла ошибка при снятии запрета на %s."
"413";"Account %s does not exist.";"Аккаунт %s не существует."
"414";"There is no such character.";"Нет такого персонажа."
"415";"There is no such IP in banlist.";"Такого IP в банлисте нет."
"416";"Account %s has never been banned.";"Аккаунт %s никогда не блокировался."
"417";"Ban history for account %s:";"История банов для учетной записи %s:"
"418";"Ban Date: %s Bantime: %s Still active: %s  Reason: %s Set by: %s";"Дата бана: %s Время бана: %s Все еще активно: %s Причина: %s Установлено: %s"
"419";"Inf.";"Инф."
"420";"Never";"Никогда"
"421";"Yes";"Да"
"422";"No";"Нет"
"423";"IP: %s Ban Date: %s Unban Date: %s Remaining: %s Reason: %s Set by: %s";"IP: %s Дата бана: %s Дата разбана: %s Осталось: %s Причина: %s Установлено: %s"
"424";"There is no matching IPban.";"Нет подходящего IP-бана."
"425";"There is no matching account.";"Нет соответствующей учетной записи."
"426";"There is no banned account owning a character matching this part.";"Нет заблокированной учетной записи, владеющей персонажем, соответствующим этой части."
"427";"The following IPs match your pattern:";"Следующие IP-адреса соответствуют вашему шаблону:"
"428";"The following accounts match your query:";"Вашему запросу соответствуют следующие аккаунты:"
"429";"You learned many spells/skills.";"Вы изучили много заклинаний/навыков."
"430";"You learned all spells for class.";"Вы выучили все заклинания для класса."
"431";"You learned all talents for class.";"Вы изучили все таланты для класса."
"432";"You learned all languages.";"Вы выучили все языки."
"433";"You learned all crafts, skills and recipes.";"Вы узнали все ремесла, навыки и рецепты."
"434";"Could not find '%s'";"Не удалось найти ""%s"""
"435";"Invalid item id: %u";"Недопустимый идентификатор элемента: %u"
"436";"No items found!";"Ничего не найдено!"
"437";"Invalid gameobject id: %u";"Недопустимый идентификатор игрового объекта: %u"
"438";"Found items %u: %u ( inventory %u mail %u auction %u guild %u)";"Найдено предметов %u: %u ( инвентарь %u почта %u аукцион %u гильдия %u)"
"439";"Found gameobjects %u: %u ";"Найдено игровых объектов %u: %u"
"440";"Invalid creature id: %u";"Недопустимый идентификатор существа: %u"
"441";"Found creatures %u: %u ";"Найдено существ %u: %u"
"442";"No area found!";"Область не найдена!"
"443";"No item sets found!";"Наборы предметов не найдены!"
"444";"No skills found!";"Навыки не найдены!"
"445";"No spells found!";"Заклинания не найдены!"
"446";"No quests found!";"Квесты не найдены!"
"447";"No creatures found!";"Существа не найдены!"
"448";"No gameobjects found!";"Игровые объекты не найдены!"
"449";"Graveyard #%u doesn't exist.";"Кладбище #%u не существует."
"450";"Graveyard #%u is already linked to zone #%u (current).";"Кладбище #%u уже связано с зоной #%u (текущая)."
"451";"Graveyard #%u linked to zone #%u (current).";"Кладбище #%u связано с зоной #%u (текущая)."
"452";"Graveyard #%u can not be linked to subzone or nonexistent zone #%u (internal error).";"Кладбище #%u не может быть связано с подзоной или несуществующей зоной #%u (внутренняя ошибка)."
"453";"│Player %s %s (guid: %u)";"│Игрок %s %s (гид: %u)"
"454";"No faction found in Graveyard with id= #%u, please update your database.";"На кладбище не найдена фракция с id= #%u, пожалуйста, обновите базу данных."
"455";"Invalid team, please update your database.";"Недопустимая команда, пожалуйста, обновите базу данных."
"456";"any";"Любые"
"457";"alliance";"альянс"
"458";"horde";"орда"
"459";"Graveyard #%u (faction: %s) is nearest from linked to zone #%u.";"Кладбище #%u (фракция: %s) находится ближе всего к зоне #%u."
"460";"Zone #%u doesn't have linked graveyards.";"В зоне #%u нет связанных кладбищ."
"461";"Zone #%u doesn't have linked graveyards for faction: %s.";"В зоне #%u нет связанных кладбищ фракции: %s."
"462";"Teleport location already exists!";"Местоположение телепорта уже существует!"
"463";"Teleport location added.";"Добавлено местоположение телепорта."
"464";"Teleport location NOT added: database error.";"Местоположение телепорта НЕ добавлено: ошибка базы данных."
"465";"Teleport location deleted.";"Местоположение телепорта удалено."
"466";"No taxinodes found!";"Таксиноды не обнаружены!"
"467";"Target unit has %d auras:";"Целевой юнит имеет %d аур:"
"468";"id: %d %s effmask: %d charges: %d stack: %d slot %d duration: %d maxduration: %d %s %s caster: %s guid: %d";"id: %d %s effmask: %d зарядов: %d stack: %d слот %d продолжительность: %d maxduration: %d %s %s заклинатель: %s guid: %d"
"469";"Target unit has %d auras of type %d:";"Целевой юнит имеет %d аур типа %d:"
"470";"id: %d eff: %d amount: %d";"идентификатор: %d эффективность: %d количество: %d"
"471";"Quest %u not found.";"Квест %u не найден."
"472";"Quest %u is started from an item. Add the item to your inventory and start the quest normally: .additem %u";"Квест %u запускается с предмета. Добавьте предмет в свой инвентарь и начните квест как обычно: .additem %u"
"473";"Quest removed.";"Квест удален."
"474";"[rewarded]";"[награда]"
"475";"[complete]";"[полный]"
"476";"[active]";"[активный]"
"477";"%s's Fly Mode %s";"Режим полета %s %s"
"478";"Opcode %u sent to %s";"Код операции %u отправлен %s"
"479";"Character loaded successfully!";"Персонаж успешно загружен!"
"480";"Failed to load the character!";"Не удалось загрузить персонажа!"
"481";"Character dumped successfully!";"Персонаж сброшен успешно!"
"482";"Character dump failed!";"Не удалось создать дамп персонажа!"
"483";"Spell %u broken and not allowed to cast or learn!";"Заклинание %u сломано и не может быть разыграно или изучено!"
"484";"Skill %u (%s) for player %s set to %u and current maximum set to %u (without permanent (talent) bonuses).";"Навык %u (%s) для игрока %s установлен на %u, а текущий максимум установлен на %u (без постоянных (талант) бонусов)."
"485";"Player %s must have the skill %u (%s) before using this command.";"Игрок %s должен иметь навык %u (%s) перед использованием этой команды."
"486";"Invalid skill id (%u)";"Недопустимый идентификатор навыка (%u)"
"487";"You learned default GM spells/skills.";"Вы изучили стандартные заклинания/навыки GM."
"488";"You already know that spell.";"Ты уже знаешь это заклинание."
"489";"Target(%s) already knows that spell.";"Цель(%s) уже знает это заклинание."
"490";"%s doesn't know that spell.";"%s не знает этого заклинания."
"491";"You have already unlearnt that spell.";"Вы уже разучились этому заклинанию."
"492";"All spell cooldowns removed for %s.";"Все перезарядки заклинаний удалены на %s."
"493";"Spell %u cooldown removed for %s.";"Перезарядка заклинания %u удалена на %s."
"494";"Command : Additem, itemId = %i, amount = %i to %s";"Команда: добавить элемент, itemId = %i, количество = %i до %s"
"495";"Command : Additemset, itemsetId = %i";"Команда: Additemset, itemsetId = %i"
"496";"Removed itemID = %i, amount = %i from %s";"Удален itemID = %i, сумма = %i из %s"
"497";"Cannot create item '%i' (amount: %i)";"Невозможно создать элемент ""%i""(количество: %i)"
"498";"You need to provide a guild name!";"Вам необходимо указать название гильдии!"
"499";"Player not found!";"Игрок не найден!"
"500";"That player is already in a guild.";"Этот игрок уже состоит в гильдии."
"501";"The guild was NOT created. Check if that guild already exists.";"Гильдия НЕ создана. Проверьте, существует ли уже эта гильдия."
"502";"No items from the itemset '%u' were found.";"Элементы из набора элементов ""%u""не найдены."
"503";"The distance is: (3D) %f (2D) %f (Exact 3D) %f (Exact 2D) %f yards.";"Расстояние составляет: (3D) %f (2D) %f (точное 3D) %f (точное 2D) %f ярдов."
"504";"Item '%i' '%s' Item Slot %i";"Предмет '%i' '%s' Ячейка предмета %i"
"505";"Item '%i' doesn't exist.";"Элемент ""%i""не существует."
"506";"Item '%i' '%s' added to slot %i.";"Элемент '%i' '%s' добавлен в слот %i."
"507";"Item save failed!";"Не удалось сохранить элемент!"
"508";"%d - owner: %s (guid: %u account: %u ) %s";"%d - владелец: %s (руководство: %u учетная запись: %u ) %s"
"509";"%d - sender: %s (guid: %u account: %u ) receiver: %s (guid: %u account: %u ) %s";"%d - отправитель: %s (руководство: учетная запись %u: %u ) получатель: %s (руководство: учетная запись %u: %u ) %s"
"510";"%d - owner: %s (guid: %u account: %u ) %s";"%d - владелец: %s (руководство: %u учетная запись: %u ) %s"
"511";"Wrong link type!";"Неверный тип ссылки!"
"512";"%d - |cffffffff|Hitem:%d:0:0:0:0:0:0:0:0|h[%s]|h|r ";"%d - |cffffffff|Элемент:%d:0:0:0:0:0:0:0:0|ч[%s]|ч|r"
"513";"%d - |cffffffff|Hquest:%d:%d|h[%s]|h|r %s";"%d - |cffffffff|Hquest:%d:%d|h[%s]|h|r %s"
"514";"%d - |cffffffff|Hcreature_entry:%d|h[%s]|h|r ";"%d - |cffffffff|Hcreature_entry:%d|h[%s]|h|r"
"515";"%d - |cffffffff|Hcreature:%d|h[%s X:%f Y:%f Z:%f MapId:%d]|h|r %s %s";"%d - |cffffffff|Hcreature:%d|h[%s X:%f Y:%f Z:%f MapId:%d]|h|r %s %s"
"516";"%d - |cffffffff|Hgameobject_entry:%d|h[%s]|h|r ";"%d - |cffffffff|Hgameobject_entry:%d|h[%s]|h|r"
"517";"%d (Entry: %d) - |cffffffff|Hgameobject:%d|h[%s X:%f Y:%f Z:%f MapId:%d]|h|r %s %s";"%d (Запись: %d) - |cffffffff|Hgameobject:%d|h[%s X:%f Y:%f Z:%f MapId:%d]|h|r %s %s"
"518";"%d - |cffffffff|Hitemset:%d|h[%s %s]|h|r ";"%d - |cffffffff|Набор элементов:%d|h[%s %s]|h|r"
"519";"|cffffffff|Htele:%s|h[%s]|h|r ";"|cffffffff|Hтеле:%s|h[%s]|h|r"
"520";"%d - |cffffffff|Hspell:%d|h[%s]|h|r ";"%d - |cffffffff|Hspell:%d|h[%s]|h|r"
"521";"%d - |cffffffff|Hskill:%d|h[%s %s]|h|r %s %s";"%d - |cffffffff|Hskill:%d|h[%s %s]|h|r %s %s"
"522";"Game Object (Entry: %u) not found";"Игровой объект (запись: %u) не найден"
"523";">> Game Object %s (GUID: %u) at %f %f %f. Orientation %f.";">> Игровой объект %s (GUID: %u) в %f %f %f. Ориентация %f."
"524";"Selected object: |cffffffff|Hgameobject:%d|h[%s]|h|r GUID: %u ID: %u X: %f Y: %f Z: %f MapId: %u Orientation: %f Phasemask %u";"Выбранный объект: |cffffffff|Hgameobject:%d|h[%s]|h|r GUID: %u ID: %u X: %f Y: %f Z: %f MapId: %u Ориентация: %f Phasemask % ты"
"525";">> Add Game Object '%u' (%s) (GUID: %u) added at '%f %f %f'.";">> Добавить игровой объект '%u' (%s) (GUID: %u), добавленный в '%f %f %f'."
"526";"%s (lowguid: %u) movement generators stack:";"Стек генераторов движения %s (lowguid: %u):"
"527";"  Idle";"Праздный"
"528";"  Random";"Случайный"
"529";"  Waypoint";"путевая точка"
"531";"  Confused";"Смущенный"
"532";"  Targeted to player %s (lowguid %u)";"Ориентирован на игрока %s (lowguid %u)"
"533";"  Targeted to creature %s (lowguid %u)";"Нацелено на существо %s (lowguid %u)"
"534";"  Targeted to <NULL>";"Таргетинг на <NULL>"
"535";"  Home movement to (X:%f Y:%f Z:%f)";"Движение домой к (X:%f Y:%f Z:%f)"
"536";"  Home movement used for player?!?";"Домашнее движение, используемое для игрока?!?"
"537";"  Taxi flight";"Полет на такси"
"538";"  Unknown movement generator (%u)";"Неизвестный генератор движения (%u)"
"539";"NPC currently selected by player: Name: %s SpawnID: %u, current GUID low: %u. Entry: %u. Faction: %u. NPC Flags: %u. DisplayID: %u (Native: %u).";"NPC, выбранный в данный момент игроком: Имя: %s SpawnID: %u, текущий низкий GUID: %u. Запись: %u. Фракция: %u. Флаги NPC: %u. DisplayID: %u (собственный: %u)."
"540";"Level: %u.";"Уровень: %u."
"541";"Health (base): %u. (max): %u. (current): %u.";"Здоровье (базовое): %u. (макс.): %u. (текущий): %u."
"542";"Unit Flags 2: %u. Dynamic Flags: %u. Faction Template: %u.";"Флаги юнита 2: %u. Динамические флаги: %u. Шаблон фракции: %u."
"543";"Loot: %u Pickpocket: %u Skinning: %u";"Добыча: %u Карманник: %u Снятие шкур: %u"
"544";"Position: %f %f %f.";"Позиция: %f %f %f."
"545";"* is vendor (%u)";"* является поставщиком (%u)"
"546";"* is trainer (%u)";"* является тренером (%u)"
"547";"InstanceID: %u";"ID экземпляра: %u"
"548";"│ GM Mode active, Phase: -1";"│ Режим GM активен, Фаза: -1"
"549";"├─ Banned: (Type: %s, Reason: %s, Time: %s, By: %s)";"├─ Запрещено: (Тип: %s, Причина: %s, Время: %s, Автор: %s)"
"550";"├─ Muted: (Reason: %s, Time: %s, By: %s)";"├─ Приглушено: (Причина: %s, Время: %s, Автор: %s)"
"551";"%s has explored all zones now.";"%s исследовал все зоны."
"552";"%s no longer has any explored zones.";"%s больше не имеет исследованных зон."
"553";"%s has explored all zones for you.";"%s изучил для вас все зоны."
"554";"%s has hidden all zones from you.";"%s скрыл от вас все зоны."
"555";"SetData performed on [GUID: %u, entry: %u, name: %s] Field: %u, Data: %u, with %s";"SetData выполняется для [GUID: %u, запись: %u, имя: %s] Поле: %u, данные: %u, с %s"
"556";"Found nearby creatures (distance %f): %u";"Найдено существ поблизости (расстояние %f): %u"
"557";"%s leveled you up to (%i).";"%s повысил ваш уровень до (%i)."
"558";"%s leveled you down to (%i).";"%s понизил ваш уровень до (%i)."
"559";"%s has reset your level progress.";"%s сбросил ваш прогресс уровня."
"560";"The area has been set as explored.";"Район признан разведанным."
"561";"The area has been set as not explored.";"Район указан как неисследованный."
"562";"GUID=%i 's updateIndex: %i, value:  %i.";"GUID=%i 's updateIndex: %i, значение: %i."
"563";"You change GUID=%i 's UpdateIndex: %i value to %i.";"Вы меняете значение GUID=%i UpdateIndex: %i на %i."
"564";"The value index %u is too big for %u (count: %u).";"Индекс значения %u слишком велик для %u (количество: %u)."
"565";"Set %u uint32 Value:[OPCODE]:%u [VALUE]:%u";"Установите значение %u uint32: [КОД ОПЦИИ]:%u [ЗНАЧЕНИЕ]:%u"
"566";"You Set %u Field:%u to uint32 Value: %u";"Вы устанавливаете %u Поле:%u в значение uint32: %u"
"567";"Set %u float Value:[OPCODE]:%u [VALUE]:%f";"Установить %u значение с плавающей запятой: [OPCODE]:%u [VALUE]:%f"
"568";"You Set %u Field:%i to float Value: %f";"Вы устанавливаете %u Field:%i в значение с плавающей запятой: %f"
"569";"Get %u uint32 Value:[OPCODE]:%u [VALUE]:%u";"Получить значение %u uint32: [КОД ОПЕРАЦИИ]:%u [ЗНАЧЕНИЕ]:%u"
"570";"The uint32 value of %u in %u is: %u";"Значение uint32 %u в %u: %u"
"571";"Get %u float Value:[OPCODE]:%u [VALUE]:%f";"Получить %u значение с плавающей запятой: [OPCODE]:%u [VALUE]:%f"
"572";"The float of %u value in %u is: %f";"Поплавок значения %u в %u: %f"
"573";".Set32Bit:[OPCODE]:%u [VALUE]:%u";".Set32Bit:[OPCODE]:%u [ЗНАЧЕНИЕ]:%u"
"574";"You set Bit of Field:%u to Value: %u";"Вы устанавливаете бит поля:%u в значение:%u"
"575";".Mod32Value:[OPCODE]:%u [VALUE]:%i";".Mod32Value:[КОД ОПЕРАЦИИ]:%u [ЗНАЧЕНИЕ]:%i"
"576";"You modified the value of Field:%u to Value: %u";"Вы изменили значение поля:%u на значение: %u"
"577";"You are now invisible.";"Теперь ты невидим."
"578";"You are now visible.";"Теперь вы видны."
"579";"The selected player or creature does not have a victim.";"У выбранного игрока или существа нет жертвы."
"580";"Player %s has learned all default spells for race/class and spell rewards from completed quests.";"Игрок %s выучил все заклинания по умолчанию для расы/класса и заклинания, полученные в награду за выполненные квесты."
"581";"Found nearby gameobjects (distance %f): %u";"Найдено ближайших игровых объектов (расстояние %f): %u"
"582";"SpawnTime: Full:%s Remaining:%s";"SpawnTime: Полный:%s Осталось:%s"
"583";"%d - |cffffffff|Hgameevent:%d|h[%s]|h|r%s";"%d - |cffffffff|Hgameevent:%d|h[%s]|h|r%s"
"584";"No event found.";"Событие не найдено."
"585";"The event does not exist.";"Событие не существует."
"586";"Event %u: %s%s Start: %s End: %s Occurence: %s Length: %s Next state change: %s";"Событие %u: %s%s Начало: %s Конец: %s Возникновение: %s Продолжительность: %s Следующее изменение состояния: %s"
"587";"The event %u is already active.";"Событие %u уже активно."
"588";"The event %u is not active.";"Событие %u не активно."
"589";"  Point movement to (X:%f Y:%f Z:%f)";"Перемещение точки к (X:%f Y:%f Z:%f)"
"590";"  Fear movement";"Движение страха"
"591";"  Distract movement";"Отвлекать движение"
"592";"You have learned all spells from the craft: %s";"Вы изучили все заклинания ремесла: %s"
"593";"Currently Banned Accounts:";"Текущие заблокированные аккаунты:"
"594";"|    Account    |   BanDate    |   UnbanDate  |  Banned By    |   Ban Reason  |";"| Аккаунт | БанДате | UnbanDate | Запрещен | Причина бана |"
"595";"Currently Banned IPs:";"В настоящее время заблокированные IP-адреса:"
"596";"|      IP       |   BanDate    |   UnbanDate  |  Banned By    |   Ban Reason  |";"| ИП | БанДате | UnbanDate | Запрещен | Причина бана |"
"597";"Current gamemasters:";"Текущие гейммастера:"
"598";"|    Account    |  GM  |";"| Аккаунт | ГМ |"
"599";"No gamemasters.";"Нет гейммастеров."
"600";"Failed to remove itemID = %i, amount = %i, from %s (No such item exists in target's inventory)";"Не удалось удалить itemID = %i, количество = %i, из %s (такого предмета нет в инвентаре цели)"
"705";"You must wait %s before speaking again.";"Вы должны подождать %s, прежде чем говорить снова."
"706";"Item(s) can not be equipped or stored in the inventory due to a problem.";"Предмет(ы) не могут быть экипированы или сохранены в инвентаре из-за проблемы."
"707";"%s does not wish to be disturbed: %s";"%s не хочет, чтобы его беспокоили: %s"
"708";"%s is Away from Keyboard: %s";"%s находится далеко от клавиатуры: %s"
"709";"Do not Disturb";"Не беспокоить"
"710";"Away from Keyboard";"Вдали от клавиатуры"
"711";"Queue status for %s (Lvl: %u to %u) Queued alliances: %u (Need at least %u more) Queued hordes: %u (Need at least %u more)";"Статус в очереди для %s (уровень: от %u до %u) Альянсы в очереди: %u (нужно еще как минимум %u) Орды в очереди: %u (нужно больше как минимум %u)"
"712";"|cffff0000[BG Queue Announcer]:|r %s -- [%u-%u] A: %u/%u, H: %u/%u|r";"|cffff0000[Диктор очереди BG]:|r %s -- [%u-%u] A: %u/%u, H: %u/%u|r"
"713";"You must be level %u to join an arena team!";"Вы должны быть уровня %u, чтобы присоединиться к команде арены!"
"714";"│ Account: %s (ID: %u), GMLevel: %u";"│ Аккаунт: %s (ID: %u), GMLevel: %u"
"715";"You don't meet Battleground level requirements";"Вы не соответствуете требованиям уровня Battleground"
"716";"│ Last Login: %s (Failed Logins: %u)";"│ Последний вход: %s (Неудачные входы: %u)"
"717";"|cffff0000[BG Queue Announcer]:|r %s -- [%u-%u] Started!|r";"|cffff0000[Диктор очереди BG]:|r %s -- [%u-%u] Запущено!|r"
"718";"|cffff0000[Arena Queue Announcer]:|r %s -- Joined : %ux%u : %u|r";"|cffff0000[Диктор очереди на арену]:|r %s -- Присоединился : %ux%u : %u|r"
"719";"|cffff0000[Arena Queue Announcer]:|r %s -- Exited : %ux%u : %u|r";"|cffff0000[Диктор очереди арены]:|r %s -- Вышел : %ux%u : %u|r"
"720";"Your group is too large for this battleground. Please regroup to join.";"Ваша группа слишком велика для этого поля боя. Пожалуйста, перегруппируйтесь, чтобы присоединиться."
"721";"Your group is too large for this arena. Please regroup to join.";"Ваша группа слишком велика для этой арены. Пожалуйста, перегруппируйтесь, чтобы присоединиться."
"722";"Your group has members not in your arena team. Please regroup to join.";"В вашей группе есть участники, не входящие в вашу команду арены. Пожалуйста, перегруппируйтесь, чтобы присоединиться."
"723";"Your group does not have enough players to join this match.";"В вашей группе недостаточно игроков, чтобы присоединиться к этому матчу."
"727";"Your group has an offline member. Please remove him before joining.";"В вашей группе есть офлайн-участник. Пожалуйста, удалите его перед присоединением."
"728";"Your group has players from the opposing faction. You can't join the battleground as a group.";"В вашей группе есть игроки из противоположной фракции. Вы не можете выйти на поле боя в составе группы."
"729";"Your group has players from different battleground brakets. You can't join as group.";"В вашей группе есть игроки с разных полей боя. Вы не можете присоединиться к группе."
"730";"Someone in your party is already in this battleground queue. (S)he must leave it before joining as group.";"Кто-то из вашей группы уже стоит в очереди на это поле боя. (S) он должен покинуть его, прежде чем присоединиться к группе."
"731";"Someone in your party is Deserter. You can't join as group.";"Кто-то в вашей группе Дезертир. Вы не можете присоединиться к группе."
"732";"Someone in your party is already in three battleground queues. You cannot join as group.";"Кто-то из вашей группы уже находится в трех очередях на поле боя. Вы не можете присоединиться к группе."
"733";"You cannot teleport to a battleground or arena map.";"Вы не можете телепортироваться на поле боя или карту арены."
"734";"You cannot summon players to a battleground or arena map.";"Вы не можете вызывать игроков на поле боя или карту арены."
"735";"You must be in GM mode to teleport to a player in a battleground.";"Вы должны быть в режиме GM, чтобы телепортироваться к игроку на поле боя."
"736";"You cannot teleport to a battleground from another battleground. Please leave the current battleground first.";"Вы не можете телепортироваться на поле боя с другого поля боя. Сначала покиньте текущее поле боя."
"737";"Arenas are set to 1v1 for debugging. So, don't join as group.";"Арены настроены на 1 на 1 для отладки. Итак, не присоединяйтесь к группе."
"738";"Arenas are set to normal playercount.";"Арены настроены на обычное количество игроков."
"739";"Battlegrounds are set to 1v0 for debugging.";"Поле боя настроено на 1 на 0 для отладки."
"740";"Battlegrounds are set to normal playercount.";"На полях сражений установлено нормальное количество игроков."
"741";"Flushing Arena points based on team ratings, this may take a few minutes. Please stand by...";"Сброс очков Арены на основе рейтинга команды может занять несколько минут. Подождите, пожалуйста..."
"742";"Distributing arena points to players...";"Раздача очков арены игрокам..."
"743";"Finished setting arena points for online players.";"Завершена установка очков арены для онлайн-игроков."
"744";"Modifying played count, arena points etc. for loaded arena teams, sending updated stats to online players...";"Изменение количества игр, очков арены и т. д. для загруженных команд арены, отправка обновленной статистики онлайн-игрокам..."
"745";"Modification done.";"Модификация сделана."
"746";"Done flushing Arena points.";"Сброс очков Арены завершен."
"747";"This Battleground has been disabled. You can't join the queue.";"Это поле боя отключено. Вы не можете встать в очередь."
"748";"Arenas have been disabled. You can't join the queue.";"Арены отключены. Вы не можете встать в очередь."
"749";"│ OS: %s - Latency: %u ms";"│ ОС: %s - Задержка: %u мс"
"750";"Not enough players. This game will close in %u mins.";"Недостаточно игроков. Эта игра будет закрыта через %u мин."
"751";"Not enough players. This game will close in %u seconds.";"Недостаточно игроков. Эта игра закроется через %u секунд."
"752";"│ Last IP: %s (Locked: %s)";"│ Последний IP-адрес: %s (заблокировано: %s)"
"785";"Arena testing turned %s";"Тестирование арены закончилось %s"
"786";"|cffff0000[Automatic]:|r";"|cffff0000[Автоматически]:|r"
"787";"|cffffff00[|c1f40af20Announce by|r |cffff0000%s|cffffff00]:|r %s|r";"|cffffff00[|c1f40af20Объявление от|r |cffff0000%s|cffffff00]:|r %s|r"
"800";"Invalid name";"Неправильное имя"
"801";"You do not have enough gold";"У вас недостаточно золота"
"802";"You do not have enough free slots";"У вас недостаточно свободных слотов"
"803";"Your partner does not have enough free bag slots";"У вашего партнера недостаточно свободных слотов для сумок"
"804";"You do not have permission to perform that function";"У вас нет разрешения на выполнение этой функции"
"805";"Unknown language";"Неизвестный язык"
"806";"You don't know that language";"Вы не знаете этот язык"
"807";"Please provide character name";"Пожалуйста, укажите имя персонажа"
"808";"Player %s not found or offline";"Игрок %s не найден или не в сети"
"809";"Account for character %s not found";"Аккаунт для персонажа %s не найден"
"811";"Guild Master";"Мастер гильдии"
"812";"Officer";"Офицер"
"813";"Veteran";"Ветеран"
"814";"Member";"Член гильдии"
"815";"Initiate";"Новичок"
"816";"Warning: You've entered a no-fly zone and are about to be dismounted!";"Предупреждение: вы вошли в бесполетную зону и собираетесь спешиться!"
"817";"Entry %u not found in creature_template table.";"Запись %u не найдена в таблице Creation_template."
"818";"Entry %u not found in sCreatureStorage. Possible new line in creature_template, but you can not add new creatures without restarting. Only modifing is allowed.";"Запись %u не найдена в sCreatureStorage. Возможна новая строка в Creation_template, но нельзя добавлять новых существ без перезагрузки. Допускается только модификация."
"819";"City";"Город"
"843";"│ Level: %u (%u/%u XP (%u XP left))";"│ Уровень: %u (%u/%u опыта (осталось %u опыта))"
"844";"│ Race: %s %s, %s";"│ Раса: %s %s, %s"
"845";"│ Alive ?: %s";"│ Жив ?: %s"
"846";"│ Phase: %u";"│ Фаза: %u"
"847";"│ Money: %ug%us%uc";"│ Деньги: %ug%us%uc"
"848";"│ Map: %s, Zone: %s";"│ Карта: %s, Зона: %s"
"849";"│ Guild: %s (ID: %u)";"│ Гильдия: %s (ID: %u)"
"850";"├─ Rank: %s";"├─ Ранг: %s"
"851";"├─ Note: %s";"├─ Примечание: %s"
"852";"├─ O. Note: %s";"├─ О. Примечание: %s"
"853";"│ Played time: %s";"│ Время воспроизведения: %s"
"854";"│ Mails: %d Read/%u Total";"│ Письма: %d прочитано/%u всего"
"855";"Male";"Мужской"
"856";"Female";"Женский"
"857";"Arena team [%u] not found";"Команда Арены [%u] не найдена"
"858";"There is already an arena team named ""%s""";"Команда арены под названием ""%s""уже существует."
"859";"%s is already in an arena team of that size";"%s уже состоит в команде арены такого размера"
"860";"Arena Team In Combat";"Команда Арены в бою"
"861";"Arena with name: ""%s""or silmilar not found";"Арена с названием: ""%s""или подобное не найдено"
"862";"[%s] not member of the team ""%s""";"[%s] не является членом команды ""%s"""
"863";"[%s] already capitan in the team ""%s""";"[%s] уже капитан в команде ""%s"""
"864";"New ArenaTeam created [Name: ""%s""][Id: %u][Type: %u][Captain GUID: %u]";"Создана новая команда ArenaTeam [Имя: ""%s""][Идентификатор: %u][Тип: %u][Идентификатор GUID капитана: %u]"
"865";"Arena team Name: ""%s""[Id: %u] disbanded";"Название команды арены: ""%s""[Id: %u] распущено"
"866";"Arena team [Id: %u] change from ""%s""to ""%s""";"Команда арены [идентификатор: %u] изменена с ""%s""на ""%s"""
"867";"Arena team Name: ""%s""[Id: %u] change capitan from[%s] to [%s]";"Название команды арены: ""%s""[Id: %u] изменить капитана с [%s] на [%s]"
"868";"Arena team: ""%s""[%u] - Rating: %u - Type: %ux%u";"Команда арены: ""%s""[%u] - Рейтинг: %u - Тип: %ux%u"
"869";"Name:""%s""[guid:%u] - PR: %u - %s";"Имя:""%s""[guid:%u] - PR: %u - %s"
"870";"|""%s""[ID:%u](%ux%u)|";"|""%s""[ID:%u](%ux%u)|"
"871";"│ Level: %u";"│ Уровень: %u"
"872";"Entered email is not equal to registration email, check input";"Введенный адрес электронной почты не совпадает с регистрационным адресом электронной почты, проверьте ввод"
"873";"The new emails do not match";"Новые электронные письма не совпадают"
"874";"The email was changed";"Электронная почта была изменена"
"875";"Your email can't be longer than 64 characters, email not changed!";"Ваш адрес электронной почты не может быть длиннее 64 символов, адрес электронной почты не изменен!"
"876";"Email not changed (unknown error)!";"Электронная почта не изменена (неизвестная ошибка)!"
"877";"Email change unnecessary, new email is equal to old email";"Изменение электронной почты не требуется, новая электронная почта равна старой электронной почте"
"878";"Your email is: %s";"Ваш адрес электронной почты: %s"
"879";"└ Registration Email: %s - Email: %s";"└ Электронная почта для регистрации: %s - Электронная почта: %s"
"880";"Security Level: %s";"Уровень безопасности: %s"
"881";"An email address is required to change your password.";"Для смены пароля требуется адрес электронной почты."
"882";"│ Map: %s, Zone: %s, Area: %s";"│ Карта: %s, Зона: %s, Область: %s"
"883";"Account";"Счет"
"1000";"Exiting daemon...";"Выход из демона..."
"1001";"Account deleted: %s";"Аккаунт удален: %s"
"1002";"The account %s was NOT deleted (the SQL file format was probably updated).";"Учетная запись %s НЕ была удалена (возможно, был обновлен формат файла SQL)."
"1003";"The account %s was NOT deleted (unknown error).";"Учетная запись %s НЕ была удалена (неизвестная ошибка)."
"1004";"Account created: %s";"Аккаунт создан: %s"
"1005";"An account name can NOT be longer than 16 characters (client limit). The account was NOT created.";"Имя учетной записи НЕ может быть длиннее 16 символов (ограничение клиента). Аккаунт НЕ создан."
"1006";"An account with this name already exists!";"Аккаунт с таким именем уже существует!"
"1007";"The account %s was NOT created (the SQL file format was probably updated).";"Учетная запись %s НЕ была создана (формат файла SQL, вероятно, был обновлен)."
"1008";"The account %s was NOT created (unknown error).";"Учетная запись %s НЕ была создана (неизвестная ошибка)."
"1009";"Player %s (Guid: %u) Account %s (Id: %u) deleted.";"Игрок %s (Guid: %u) Аккаунт %s (ID: %u) удален."
"1010";"-[         Account][   Character][             IP][Map][Zone][Exp][GMLev]-";"-[Аккаунт][Персонаж][IP][Карта][Зона][Exp][GMLev]-"
"1011";"|<Error>        | %20s |<Error>          |<Er>| <Error>   |";"|<Ошибка> | %20s |<Ошибка> |<Er>| <Ошибка> |"
"1012";"-==================================================================-";"-================================================ =================-"
"1013";"-[%16s][%12s][%15s][%3d][%4d][%d][%d]-";"-[%16s][%12s][%15s][%3d][%4d][%d][%d]-"
"1014";"No online players.";"Нет онлайн-игроков."
"1015";"-======================== Characters Online =======================-";"-======================= Игроки онлайн ======================= -"
"1016";"| GUID       | Name                 | Account                      | Delete Date         |";"| GUID | Имя | Аккаунт | Дата удаления |"
"1017";"| %10u | %20s | %15s (%10u) | %19s |";"| %10у | %20с | %15s (%10u) | %19с |"
"1018";"==========================================================================================";"================================================== ========================================"
"1019";"No characters found.";"Персонажи не найдены."
"1020";"Restoring the following characters:";"Восстановление следующих персонажей:"
"1021";"Deleting the following characters:";"Удаление следующих символов:"
"1022";"ERROR: You can only assign a new name if you have only selected a single character!";"ОШИБКА: Вы можете назначить новое имя только в том случае, если вы выбрали только один символ!"
"1023";"The character '%s' (GUID: %u Account %u) can NOT be restored: The account does not exist!";"Персонаж '%s' (GUID: %u Учетная запись %u) НЕ МОЖЕТ быть восстановлен: Учетная запись не существует!"
"1024";"The character '%s' (GUID: %u Account %u) can NOT be restored: The account character list is full!";"Персонаж '%s' (GUID: %u Учетная запись %u) НЕВОЗМОЖНО восстановить: Список персонажей учетной записи заполнен!"
"1025";"The character '%s' (GUID: %u Account %u) can NOT be restored: The name is already in use!";"Персонаж '%s' (GUID: %u Аккаунт %u) НЕЛЬЗЯ восстановить: имя уже используется!"
"1026";"GUID: %u Name: %s Account: %s (%u) Date: %s";"GUID: %u Имя: %s Учетная запись: %s (%u) Дата: %s"
"1027";"SQL driver query logging enabled.";"Ведение журнала запросов драйвера SQL включено."
"1028";"SQL driver query logging disabled.";"Ведение журнала запросов драйвера SQL отключено."
"1030";"Account name cannot contain '@' character.";"Имя учетной записи не может содержать символ «@»."
"1031";"An account password can NOT be longer than 16 characters (client limit). The account was NOT created.";"Пароль учетной записи НЕ может быть длиннее 16 символов (ограничение клиента). Аккаунт НЕ создан."
"1100";"The account %s (Id: %u) is allowed to use up to %u expansion(s) now.";"Аккаунт %s (идентификатор: %u) теперь может использовать до %u расширений."
"1101";"Message of the day changed to: %s";"Сообщение дня изменено на: %s"
"1102";"Message sent to %s: %s";"Сообщение отправлено %s: %s"
"1103";"%d - %s %s";"%d - %s %s"
"1104";"%d - %s";"%д - %с"
"1105";"%d - %s";"%д - %с"
"1106";"%d - %s %s";"%d - %s %s"
"1107";"%d - %s";"%д - %с"
"1108";"%d - %s %s";"%d - %s %s"
"1109";"%d - %s %s %s %s";"%d - %s %s %s %s"
"1110";"%d - %s X:%f Y:%f Z:%f MapId:%d %s %s";"%d - %s X:%f Y:%f Z:%f MapId:%d %s %s"
"1111";"%d - %s X:%f Y:%f Z:%f MapId:%d %s %s";"%d - %s X:%f Y:%f Z:%f MapId:%d %s %s"
"1112";"Failed to open file: %s";"Не удалось открыть файл: %s"
"1113";"The account %s (%u) has reached maximum amount of allowed characters (client limitation).";"Учетная запись %s (%u) достигла максимально допустимого количества символов (ограничение клиента)."
"1114";"The dump file contains damaged data!";"Файл дампа содержит поврежденные данные!"
"1115";"Invalid character name!";"Недопустимое имя персонажа!"
"1116";"Invalid character guid!";"Неверный гайд по персонажу!"
"1117";"The character guid %u is already in use!";"Указатель персонажа %u уже используется!"
"1118";"%d - guild: %s (guid: %u) %s";"%d - гильдия: %s (гид: %u) %s"
"1119";"You must use male or female as gender.";"Вы должны использовать мужской или женский пол в качестве пола."
"1120";"You changed the gender of %s to %s.";"Вы изменили пол %s на %s."
"1121";"Your gender was changed to %s by %s.";"Ваш пол был изменен на %s пользователем %s."
"1122";"(%u/%u +perm %u +temp %u)";"(%u/%u +perm %u +temp %u)"
"1123";"No pet found.";"Домашнее животное не найдено."
"1124";"Wrong pet type.";"Неправильный тип питомца."
"1125";"Your pet has learned all talents.";"Ваш питомец изучил все таланты."
"1126";"Your pet talents have been reset.";"Таланты вашего питомца были сброшены."
"1127";"The talents of %s's pet were reset.";"Таланты питомца %s были сброшены."
"1128";"%d - |cffffffff|Htaxinode:%u|h[%s %s]|h|r (Map:%u X:%f Y:%f Z:%f)";"%d - |cffffffff|Htaxinode:%u|h[%s %s]|h|r (Карта:%u X:%f Y:%f Z:%f)"
"1129";"%d - %s %s (Map:%u X:%f Y:%f Z:%f)";"%d - %s %s (Карта:%u X:%f Y:%f Z:%f)"
"1130";"Unable to dump deleted characters, aborting.";"Невозможно сбросить удаленные символы, прерывание."
"1131";"The following characters match your query:";"Вашему запросу соответствуют следующие символы:"
"1132";"Currently Banned Characters:";"В настоящее время запрещенные персонажи:"
"1133";"|   Character   |   BanDate    |   UnbanDate  |  Banned By    |   Ban Reason  |";"| Персонаж | БанДате | UnbanDate | Запрещен | Причина бана |"
"1134";"Sending tickets is allowed.";"Отправка тикетов разрешена."
"1135";"Sending tickets is not allowed.";"Отправка тикетов не допускается."
"1136";"Character %s has never been banned!";"Персонаж %s никогда не был забанен!"
"1137";"Dev mode is ON";"Режим разработки включен"
"1138";"Dev mode is OFF";"Режим разработки выключен"
"1139";"  Follow player %s (lowguid %u)";"Следовать за игроком %s (lowguid %u)"
"1140";"  Follow creature %s (lowguid %u)";"Следовать за существом %s (lowguid %u)"
"1141";"  Follow <NULL>";"Следовать <NULL>"
"1142";"  Effect movement";"Эффект движения"
"1143";"Target's moveFlags: %u, moveFlagsExtra: %u.";"MoveFlags цели: %u, moveFlagsExtra: %u."
"1144";"Target's moveFlags set to: %u, moveFlagsExtra to: %u";"Для moveFlags цели задано значение: %u, для moveFlagsExtra установлено значение: %u"
"1145";"%s is already in a group!";"%s уже в группе!"
"1146";"%s joined %s's group.";"%s присоединился к группе %s."
"1147";"%s is not in a group!";"%s не в группе!"
"1148";"Group is full!";"Группа заполнена!"
"1149";"Group type: %s and consists of %u players.";"Тип группы: %s, состоит из %u игроков."
"1150";"Name: %s (%s), Zone: %s, Phase: %u, GUID: %u, Flags: %s, Roles: %s";"Имя: %s (%s), Зона: %s, Фаза: %u, GUID: %u, Флаги: %s, Роли: %s"
"1151";"Mail List Info: # of mails: %u, Player: %s(%u)";"Информация о списке рассылки: количество писем: %u, игрок: %s(%u)"
"1152";"Mail Id: %u Title: ""%s""Money: %ug%us%uc";"Почтовый идентификатор: %u Заголовок: ""%s""Деньги: %ug%us%uc"
"1153";"Sender: %s(%u), Receiver: %s(%u)";"Отправитель: %s(%u), Получатель: %s(%u)"
"1154";"Time deliver: %s, Time expire: %s";"Время доставки: %s, Срок действия: %s"
"1155";"Item: %s[Entry:%u Guid:%u Count:%u]";"Элемент: %s[Запись:%u Guid:%u Количество:%u]"
"1156";"Mail List Info: No mail found for this character.";"Информация о списке рассылки: для этого персонажа почта не найдена."
"1157";"All configs are reloaded from the configuration file(s).";"Все конфиги перезагружаются из файла(ов) конфигурации."
"1158";"==========================================================";"================================================== ========"
"1159";"|--------------------------------------------------------|";"|--------------------------------------------------------|"
"1160";"|            | Alliance |  Horde   | Neutral  |  Total   |";"| | Альянс | Орда | Нейтральный | Итого |"
"1161";"         Alliance/Horde/Neutral/Total";"Альянс/Орда/Нейтральные/Всего"
"1162";"| %-10s | %8u | %8u | %8u | %8u |";"| %-10 с | %8у | %8у | %8у | %8у |"
"1163";"%-10s = %6u / %6u / %6u / %6u";"%-10s = %6u / %6u / %6u / %6u"
"1164";"Count";"Считать"
"1165";"Item Ratio";"Соотношение предметов"
"1166";"|            | Alliance |   Horde  | Neutral  |  Amount  |";"| | Альянс | Орда | Нейтральный | Сумма |"
"1167";"         Alliance/Horde/Neutral/Amount";"Альянс/Орда/Нейтральный/Количество"
"1168";"Gray";"Серый"
"1169";"White";"Белый"
"1170";"Green";"Зеленый"
"1171";"Blue";"Синий"
"1172";"Purple";"Пурпурный"
"1173";"Orange";"Апельсин"
"1174";"Yellow";"Желтый"
"1175";"Amount of %s items is set to %u.";"Количество элементов %s установлено на %u."
"1176";"Items ratio for %s is set to %u.";"Соотношение предметов для %s установлено на %u."
"1177";"Displaying Guild Details for %s (Id: %u)";"Отображение сведений о гильдии для %s (идентификатор: %u)"
"1178";"| Guild Master: %s (GUID: %u)";"| Глава гильдии: %s (GUID: %u)"
"1179";"| Guild Creation Date: %s";"| Дата создания гильдии: %s"
"1180";"| Guild Members: %u";"| Члены гильдии: %u"
"1181";"| Guild Bank: %u gold";"| Банк гильдии: %u золота"
"1182";"| Guild MOTD: %s";"| MOTD гильдии: %s"
"1183";"| Guild Information: %s";"| Информация о гильдии: %s"
"1184";"Successfully transferred ownership of character %s to account %s";"Успешно передано право собственности на персонажа %s учетной записи %s"
"1185";"%s is not in a raid group!";"%s не входит в рейдовую группу!"
"1186";"%s %s has raid role '%s'.";"%s %s имеет рейдовую роль ""%s""."
"1187";"The raid leader cannot be set as an assistant!";"Рейд-лидер не может быть назначен помощником!"
"1188";"Ban exists";"Бан существует"
"1189";"No instances were found matching your input.";"Экземпляры, соответствующие введенным вами данным, не найдены."
"1190";"Multiple instances match your input - please be more specific:";"Несколько экземпляров соответствуют введенным вами данным. Пожалуйста, будьте более конкретными:"
"1191";"|- '%s' (map #%03u, %s)";"|- '%s' (карта #%03u, %s)"
"1193";"Could not find entrance portal for map '%s' (map #%03u)";"Не удалось найти входной портал для карты '%s' (карта #%03u)"
"1194";"Could not find exit portal for map '%s' (map #%03u)";"Не удалось найти выходной портал для карты '%s' (карта #%03u)"
"1195";"Teleported you to the entrance of '%s' (map #%03u)";"Телепортирует вас ко входу в '%s' (карта #%03u)"
"1196";"Teleported you to the start of '%s' (map #%03u)";"Телепортировал вас в начало '%s' (карта #%03u)"
"1197";"Failed to teleport you to the entrance of '%s' (map #%03u) - are you missing an attunement for map '%s' (#%03u)?";"Не удалось телепортировать вас ко входу в '%s' (карта #%03u) - вам не хватает настройки для карты '%s' (#%03u)?"
"1198";"Failed to teleport you to the start of '%s' (map #%03u) - are you missing an attunement for the instance?";"Не удалось телепортировать вас к началу '%s' (карта #%03u) — вам не хватает настройки для инстанса?"
"1200";"You try to view cinematic %u but it doesn't exist.";"Вы пытаетесь просмотреть кинематографическое изображение %u, но оно не существует."
"1201";"You try to view movie %u but it doesn't exist.";"Вы пытаетесь просмотреть фильм %u, но он не существует."
"1202";"Areatrigger debugging turned on.";"Отладка Areatrigger включена."
"1203";"Areatrigger debugging turned off.";"Отладка Areatrigger отключена."
"1204";"You have reached areatrigger %u.";"Вы достигли области триггера %u."
"1205";"No bosses were found matching your input.";"Не найдено ни одного босса, соответствующего вашему запросу."
"1206";"Multiple bosses match your input - please be more specific:";"Несколько боссов совпадают с вашим входом - пожалуйста, будьте более конкретными:"
"1207";"|- #%05u '%s' (%s)";"|- #%05u '%s' (%s)"
"1208";"Multiple spawn points exist for boss '%s' (creature #%05u) - go to one using .go creature:";"Для босса '%s' (существо #%05u) существует несколько точек возрождения — перейдите к одной из них, используя существо .go:"
"1209";"|- %06u (map #%03u '%s' at %s)";"|- %06u (карта #%03u '%s' в %s)"
"1210";"Failed to teleport you to spawn point %u for boss '%s' (creature #%05u) - are you missing an attunement for map '%s'?";"Не удалось телепортировать вас к точке возрождения %u для босса '%s' (существо #%05u) - вам не хватает настройки для карты '%s'?"
"1211";"Teleported you to spawn point for boss '%s' (creature #%05u, spawnid %u)";"Телепортирует вас к точке возрождения босса '%s' (существо #%05u, spawnid %u)"
"1500";"Either:";"Либо:"
"1501";"Or:    ";"Или же:"
"1502";"Value '%.*s' is not valid for type %s.";"Значение ""%.*s""недопустимо для типа %s."
"1503";"Invalid UTF-8 sequences found in string.";"В строке обнаружены недопустимые последовательности UTF-8."
"1504";"Provided link has invalid link data.";"Предоставленная ссылка содержит неверные данные ссылки."
"1505";"Account '%.*s' does not exist.";"Аккаунт ""%.*s""не существует."
"1506";"Account ID %u does not exist.";"Идентификатор учетной записи %u не существует."
"1507";"%s does not exist.";"%s не существует."
"1508";"Character '%.*s' does not exist.";"Символ ""%.*s""не существует."
"1509";"'%.*s' is not a valid character name.";"""%.*s""не является допустимым именем персонажа."
"1510";"Achievement ID %u does not exist.";"Идентификатор достижения %u не существует."
"1511";"Teleport location %u does not exist.";"Местоположение телепорта %u не существует."
"1512";"Teleport location '%.*s' does not exist.";"Местоположение телепорта ""%.*s""не существует."
"1513";"Item ID %u does not exist.";"Идентификатор элемента %u не существует."
"1514";"Spell ID %u does not exist.";"Идентификатор заклинания %u не существует."
"1515";"Expected '%.*s', got '%.*s' instead.";"Ожидал ""%.*s"", вместо этого получил ""%.*s""."
"2000 г.";"|cff00ff00New ticket from|r|cffff00ff %s.|r |cff00ff00Ticket entry:|r|cffff00ff %d.|r";"|cff00ff00Новый тикет от|r|cffff00ff %s.|r |cff00ff00Запись тикета:|r|cffff00ff %d.|r"
"2001 г.";"|cff00ff00Character|r|cffff00ff %s |r|cff00ff00edited his/her ticket:|r|cffff00ff %d.|r";"|cff00ff00Персонаж|r|cffff00ff %s |r|cff00ff00редактировал свой тикет:|r|cffff00ff %d.|r"
"2002 г.";"|cff00ff00Character|r|cffff00ff %s |r|cff00ff00abandoned ticket entry:|r|cffff00ff %d.|r";"|cff00ff00Character|r|cffff00ff %s |r|cff00ff00запись брошенного тикета:|r|cffff00ff %d.|r"
"2003 г.";"|cff00ff00Closed by|r:|cff00ccff %s|r ";"|cff00ff00Закрыто|r:|cff00ccff %s|r"
"2004 г.";"|cff00ff00Deleted by|r:|cff00ccff %s|r ";"|cff00ff00Удалено|r:|cff00ccff %s|r"
"2005 г.";"Ticket not found.";"Тикет не найден."
"2006 г.";"Please close ticket before deleting it permanently.";"Пожалуйста, закройте тикет, прежде чем удалить его навсегда."
"2007 г.";"Ticket %d is already assigned.";"Тикет %d уже назначен."
"2008 г.";"%u Tickets succesfully reloaded from the database.";"%u Заявки успешно перезагружены из базы данных."
"2009 г.";"Showing list of open tickets.";"Отображение списка открытых тикетов."
"2010";"Showing list of open tickets whose creator is online.";"Отображение списка открытых заявок, создатель которых онлайн."
"2011";"Showing list of closed tickets.";"Отображение списка закрытых тикетов."
"2012";"Invalid name specified. The name must be a name of an online Game Master.";"Указано неверное имя. Имя должно быть именем онлайн-мастера игры."
"2013";"This ticket is already assigned to yourself. To unassign use .ticket unassign %d and then reassign.";"Этот тикет уже назначен вам. Чтобы отменить назначение, используйте .ticket unassign %d, а затем переназначьте."
"2014";"Ticket %d is not assigned, you cannot unassign it.";"Тикет %d не назначен, его нельзя отменить."
"2015";"You cannot unassign tickets from staff members with a higher security level than yourself.";"Вы не можете отменить назначение заявок от сотрудников с более высоким уровнем безопасности, чем у вас."
"2016";"Cannot close ticket %d, it is assigned to another GM.";"Невозможно закрыть заявку %d, она назначена другому GM."
"2017";"|cffaaffaaTicket|r:|cffaaccff %d.|r ";"|cffaaffaaТикет|r:|cffaaccff %d.|r"
"2018";"|cff00ff00Created by|r:|cff00ccff %s|r ";"|cff00ff00Создатель|r:|cff00ccff %s|r"
"2019";"|cff00ff00Last change|r:|cff00ccff %s ago|r ";"|cff00ff00Последнее изменение|r:|cff00ccff %s назад|r"
"2020";"|cff00ff00Assigned to|r:|cff00ccff %s|r ";"|cff00ff00Назначено|r:|cff00ccff %s|r"
"2021";"|cff00ff00Unassigned by|r:|cff00ccff %s|r ";"|cff00ff00Unassigned by|r:|cff00ccff %s|r"
"2022";"|cff00ff00Ticket Message|r: [%s]|r ";"|cff00ff00Сообщение заявки|r: [%s]|r"
"2023";"|cff00ff00GM Comment|r: [%s]|r";"|cff00ff00GM Комментарий|r: [%s]|r"
"2024";"|cff00ccff%s|r |cff00ff00Added comment|r: [%s]|r";"|cff00ccff%s|r |cff00ff00Добавлен комментарий|r: [%s]|r"
"2025";"|cff00ff00Created|r:|cff00ccff %s ago|r ";"|cff00ff00Создано|r:|cff00ccff %s назад|r"
"2027";"There are pending open tickets, please close them first!";"Есть ожидающие открытые заявки, пожалуйста, сначала закройте их!"
"2028";"All closed tickets were deleted and counter is reseted to |cffff00ff 1|r";"Все закрытые заявки были удалены, а счетчик сброшен на |cffff00ff 1|r"
"2029";"|cff00ff00Ticket Response|r: [%s]|r";"|cff00ff00Ответ заявки|r: [%s]|r"
"2030";"|cff00ff00Completed by|r:|cff00ccff %s|r";"|cff00ff00Выполнено|r:|cff00ccff %s|r"
"5000";"You froze player %s.";"Вы заморозили игрока %s."
"5001";"It might be amusing, but no... you cant freeze yourself.";"Это может быть забавно, но нет... ты не можешь замерзнуть."
"5002";"Invalid input, check the name of the target.";"Неверный ввод, проверьте имя цели."
"5003";"You unfroze player %s.";"Вы разморозили игрока %s."
"5004";"There are no frozen players.";"Нет замороженных игроков."
"5005";"Following players are frozen on the server:";"На сервере заморожены следующие игроки:"
"5006";"| %s - Status: Permanently frozen";"| %s - Статус: навсегда заморожен"
"5008";"This instance is closed.";"Этот экземпляр закрыт."
"5009";"Sound %u Played to server";"Звук %u воспроизведен на сервере"
"5010";"linkGUID: %u, Entry: %u (%s)";"linkGUID: %u, запись: %u (%s)"
"5011";"You can't teleport yourself to yourself!";"Вы не можете телепортироваться к себе!"
"5012";"No maps found!";"Карты не найдены!"
"5013";"[Continent]";"[Континент]"
"5014";"[Instance]";"[Пример]"
"5015";"[Battleground]";"[Поле боя]"
"5016";"[Arena]";"[Арена]"
"5017";"[Raid]";"[Рейд]"
"5018";"React state: %s";"Состояние реакции: %s"
"5019";"| %s - Status: %d seconds left";"| %s - Статус: осталось %d секунд"
"5020";"Phasemask: %u";"Фазовая маска: %u"
"5021";"Armor: %u";"Броня: %u"
"5022";"Granting ownership to first person that joins the channel ""%s"": Enabled.";"Предоставление права собственности первому лицу, присоединившемуся к каналу ""%s"": включено."
"5023";"Granting ownership to first person that joins the channel ""%s"": Disabled.";"Предоставление права собственности первому лицу, присоединившемуся к каналу ""%s"": отключено."
"5024";"Entry: %u";"Запись: %u"
"5025";"Type: %u";"Тип: %у"
"5026";"DisplayID: %u";"DisplayID: %u"
"5027";"Name: %s";"Имя: %s"
"5028";"Lootid: %u";"Добыча: %u"
"5029";"Result limit reached (max results: %d)";"Достигнут предел результатов (максимальное количество результатов: %d)"
"5030";"<unauthorized>";"<неавторизованный>"
"5031";"AIName: %s ScriptName: %s";"AIName: %s ScriptName: %s"
"5032";"No battleground found!";"Поле боя не найдено!"
"5033";"No achievement criteria found!";"Критерии достижения не найдены!"
"5034";"No outdoor PvP found!";"PvP на открытом воздухе не найдено!"
"5035";"No reason given.";"Причина не указана."
"5036";"EquipmentId: %u (Original: %u).";"Идентификатор оборудования: %u (исходное значение: %u)."
"5037";"MechanicImmuneMask: %u";"MechanicImmuneMask: %u"
"5038";"Unit Flags: %u";"Флаги отряда: %u"
"5039";"Console";"Приставка"
"5040";"Character";"Персонаж"
"5041";"Permanently";"Постоянно"
"5042";"You are outdoors.";"Вы находитесь на открытом воздухе."
"5043";"You are indoors.";"Вы находитесь в помещении."
"5044";"no VMAP available for area info";"нет VMAP для информации о районе"
"5045";"Map: %d | ID: %d | perm: %s | extended: %s | diff: %d | canReset: %s | TTR: %s";"Карта: %d | Идентификатор: %d | перм: %s | расширенный: %s | разница: %d | можно сбросить: %s | ТТР: %s"
"5046";"Player binds: %d";"Привязка игроков: %d"
"5047";"Group binds: %d";"Групповые привязки: %d"
"5048";"Unbinding map: %d inst: %d perm: %s diff: %d canReset: %s TTR: %s";"Отвязка карты: %d inst: %d perm: %s diff: %d canReset: %s TTR: %s"
"5049";"Instances unbound: %d";"Экземпляры несвязаны: %d"
"5050";"Instances loaded: %d";"Загружено экземпляров: %d"
"5051";"Players in instances: %d";"Игроки в инстансах: %d"
"5052";"Instance saves: %d";"Экземпляр сохранен: %d"
"5053";"Players bound: %d";"Связано игроков: %d"
"5054";"Groups bound: %d";"Связано с группами: %d"
"5055";"Map is not a dungeon.";"Карта не подземелье."
"5056";"Map has no instance data.";"Карта не имеет данных экземпляра."
"5057";"Boss id %i state is now set to %i (%s).";"Состояние идентификатора босса %i теперь установлено на %i (%s)."
"5058";"Boss id %i state is %i (%s).";"Идентификатор босса %i в состоянии %i (%s)."
"5059";"Mutes for account: %s";"Отключение звука для учетной записи: %s"
"5060";"No mutes for account: %s";"Нет отключения звука для учетной записи: %s"
"5061";"Mute Date: %20s Mutetime: %10u mins. Reason: %s Set by: %s";"Дата отключения звука: %20sВремя отключения звука: %10u мин. Причина: %s Установлено: %s"
"5070";"Spawn group: %s (ID: %u, Flags: %u, Active: %u)";"Группа создания: %s (ID: %u, флаги: %u, активны: %u)"
"5071";"Compatibility Mode: %u";"Режим совместимости: %u"
"5072";"GUID: %s";"GUID: %s"
"5073";"SpawnID: %u, location (%f, %f, %f)";"SpawnID: %u, местоположение (%f, %f, %f)"
"5074";"yaw: %f pitch: %f roll: %f";"рыскание: %f шаг: %f крен: %f"
"5075";"Spawn group %u not found";"Группа спавна %u не найдена"
"5076";"Spawned a total of %zu objects:";"Создано всего %zu объектов:"
"5077";"Listing %s respawns within %uyd";"Список возрождений %s в пределах %uyd"
"5078";"Listing %s respawns for %s (zone %u)";"Список возрождений %s для %s (зона %u)"
"5079";"SpawnID | Entry | GridXY| Zone | Respawn time (Full)";"Идентификатор появления | Вход | СеткаXY| Зона | Время возрождения (полное)"
"5080";"overdue";"просроченный"
"5083";"Active AI: %s";"Активный ИИ: %s"
"6604";"You cannot say, yell or emote until you become level %d.";"Вы не можете говорить, кричать или проявлять эмоции, пока не достигнете уровня %d."
"6605";"You cannot whisper until you become level %d.";"Вы не можете шептать, пока не достигнете уровня %d."
"6606";"You cannot write to channels until you become level %d.";"Вы не можете писать в каналы, пока не достигнете уровня %d."
"6607";"You cannot use auction until you become level %d.";"Вы не можете использовать аукцион, пока не достигнете уровня %d."
"6608";"You cannot write tickets until you become level %d.";"Вы не можете писать тикеты, пока не достигнете уровня %d."
"6609";"You cannot trade until you become level %d.";"Вы не можете торговать, пока не достигнете уровня %d."
"6610";"You cannot trade with characters lower than level %d.";"Вы не можете торговать с персонажами ниже уровня %d."
"6611";"You cannot send mail until you become level %d.";"Вы не можете отправлять почту, пока не достигнете уровня %d."
"6612";"You cannot send mail to characters lower than level %d.";"Вы не можете отправлять почту персонажам ниже уровня %d."
"6613";"|cfff00000[GM Announcement]: %s|r";"|cfff00000[Объявление GM]: %s|r"
"6614";"Notification to GM's - ";"Уведомление GM -"
"6615";"|cffffff00[|c1f40af20GM Announce by|r |cffff0000%s|cffffff00]:|r %s|r";"|cffffff00[|c1f40af20GM Объявить |r |cffff0000%s|cffffff00]:|r %s|r"
"6616";"Silence is ON for %s";"Тишина включена для %s"
"7523";"WORLD: Denying connections.";"WORLD: Отказ от подключений."
"7524";"WORLD: Accepting connections.";"WORLD: Прием подключений."
"9980";"Player name: %s, State: %s, Dungeons: %u (%s), Roles: %s, Comment: %s";"Имя игрока: %s, Состояние: %s, Подземелья: %u (%s), Роли: %s, Комментарий: %s"
"9981";"LfgGroup?: %u, State: %s, Dungeon: %u";"LfgGroup?: %u, Состояние: %s, Подземелье: %u"
"9982";"Not in group";"Не в группе"
"9983";"Queues cleared";"Очереди очищены"
"9984";"Lfg options: %u";"Опции ЛФГ: %u"
"9985";"Lfg options changed";"Параметры ЛФГ изменены"
"9986";"None";"Никто"
"9987";"Role check";"Проверка роли"
"9988";"Queued";"В очереди"
"9989";"Proposal";"Предложение"
"9990";"Vote kick";"Голосование"
"9991";"In dungeon";"В подземелье"
"9992";"Finished dungeon";"Готовое подземелье"
"9993";"Raid browser";"Рейд-браузер"
"9994";"Tank";"танк"
"9995";"Healer";"Целитель"
"9996";"Dps";"дпс"
"9997";"Leader";"Лидер"
"9998";"None";"Никто"
"9999";"Error";"Ошибка"
"10049";"The Horde has collected 200 silithyst!";"Орда собрала 200 силитистов!"
"10050";"The Alliance has collected 200 silithyst!";"Альянс собрал 200 силитистов!"
"10051";"Take me to Northpass Tower.";"Отведи меня к башне Нортпасс."
"10052";"Take me to Eastwall Tower.";"Отведи меня в Башню Восточной Стены."
"10053";"Take me to Crown Guard Tower.";"Отведи меня в Королевскую сторожевую башню."
"10054";"Give me the flag, I'll take it to the central beacon for the glory of the Alliance!";"Дайте мне флаг, я отнесу его на центральный маяк во славу Альянса!"
"10055";"Give me the flag, I'll take it to the central beacon for the glory of the Horde!";"Дайте мне флаг, я отнесу его на центральный маяк во славу Орды!"
"11000";"|cffffff00[|c00077766Autobroadcast|cffffff00]: |cFFF222FF%s|r";"|cffffff00[|c00077766Автотрансляция|cffffff00]: |cFFF222FF%s|r"
"11001";"You have not chosen -1 or the current realmID that you are on.";"Вы не выбрали -1 или текущий realmID, на котором находитесь."
"11002";"Server: %s has kicked %s, reason: %s";"Сервер: %s выкинул %s, причина: %s"
"11003";"Server: %s has muted %s for %u minutes, reason: %s";"Сервер: %s заглушил %s на %u минут, причина: %s"
"11004";"Server: %s has banned character %s for %s, reason: %s";"Сервер: %s забанил персонажа %s для %s, причина: %s"
"11005";"Server: %s has banned character %s permanetly, reason: %s";"Сервер: %s навсегда забанил персонажа %s, причина: %s"
"11006";"Server: %s has banned %s for %s, reason: %s";"Сервер: %s забанил %s для %s, причина: %s"
"11007";"Server: %s has banned %s permanetly, reason: %s";"Сервер: %s навсегда забанил %s, причина: %s"
"11008";"Movement type: %s";"Тип движения: %s"
"11009";"Flags Extra: %u";"Дополнительные флаги: %u"
"11010";"You didn't get kicked out of the instance even if Player::CheckInstanceLoginValid() returned false and without .gm on flag";"Вас не выгнали из инстанса, даже если Player::CheckInstanceLoginValid() вернул false и без .gm на флаге"
"11011";"VisualizeBoundary warning: No interior point of the creature's boundary could be found - check if you have mutually exclusive boundaries!";"Предупреждение VisualizeBoundary: не удалось найти внутреннюю точку границы существа — проверьте, есть ли у вас взаимоисключающие границы!"
"11012";"VisualizeBoundary error: Creature movement is unbounded";"Ошибка VisualizeBoundary: движение существа не ограничено"
"11013";"VisualizeBoundary warning: Reached fail-safe flood boundary - check if your boundary is unbounded!";"Предупреждение VisualizeBoundary: достигнута граница безопасного наводнения — проверьте, не ограничена ли ваша граница!"
"11014";"You are already locked to %s.";"Вы уже привязаны к %s."
"11015";"This creature does not have an active CreatureAI assigned to it.";"Этому существу не назначен активный CreatureAI."
"11016";"Select a player or player pet.";"Выберите игрока или питомца игрока."
"11017";"Server shutdown delayed to %d seconds as other users are still connected. Specify 'force' to override.";"Выключение сервера отложено на %d секунд, так как другие пользователи все еще подключены. Укажите «принудительно» для переопределения."
"11018";"Server shutdown scheduled for T+%d seconds was successfully cancelled.";"Выключение сервера, запланированное на T+%d секунд, было успешно отменено."
"11100";"Item transmogrified";"Предмет трансмогрифицирован"
"11101";"Equipment slot is empty";"Слот для снаряжения пуст"
"11102";"Invalid source item selected";"Выбран недопустимый исходный элемент"
"11103";"Source item does not exist";"Исходный элемент не существует"
"11104";"Destination item does not exist";"Пункт назначения не существует"
"11105";"Selected items are invalid";"Выбранные элементы недействительны"
"11106";"Not enough money";"Недостаточно средств"
"11107";"You don't have enough tokens";"У вас недостаточно токенов"
"11108";"Transmogrifications removed";"Трансмогрификации удалены"
"11109";"There are no transmogrifications";"Трансмогрификации нет"
"11110";"Invalid name inserted";"Вставлено неверное имя"
"20070";"Guide me to the Fortress Graveyard.";"Проведи меня на Кладбище Крепости."
"20071";"Guide me to the Sunken Ring Graveyard.";"Проведи меня на кладбище Затонувшего Кольца."
"20072";"Guide me to the Broken Temple Graveyard.";"Проведи меня на кладбище Разрушенного Храма."
"20073";"Guide me to the Westspark Graveyard.";"Проведи меня на кладбище Вестспарк."
"20074";"Guide me to the Eastspark Graveyard.";"Проведи меня на кладбище Истспарка."
"20075";"Guide me back to the Horde landing camp.";"Веди меня обратно в посадочный лагерь Орды."
"20076";"Guide me back to the Alliance landing camp.";"Направь меня обратно в посадочный лагерь Альянса."
"20077";"Queue for Wintergrasp.";"Очередь на Озеро Ледяных Оков."
